Codigo;Nome;Categoria;TUSS;Valor Particular;Valor Unimed279;Valor UnimedCompleta;Preparo;Nome Original PDF
ANTCAMSD;Angio TC Arterial de Membro Superior Direito;Tomografia;;1.232,50;;;Jejum de 4 horas. Trazer exames anteriores, se tiver. Chegar com 15 minutos de antecedência.;ANGIO TC ARTERIAL DE MEMBRO SUPERIOR D
ANTCVMIE;Angio TC Venosa de Membro Inferior Esquerdo;Tomografia;;1.232,50;;;Jejum de 4 horas Trazer exames anteriores e pedido médico.;ANGIO TC VENOSA DE MEMBRO INFERIOR E
ANRMAOAB;Angiorressonância Aorta Abdominal;Ressonância;41101340;854,25;;135,31;Jejum de 4 horas. Trazer exames anteriores, se tiver. Chegar com 30 minutos de antecedência. Sem adorno, sem tatuagem recente 30 dias, Sem cabelo úmido. Caso tenha marca-passo ou algum dispositivo metálico, necessário ser informado anteriormente.;ANGIORESSONANCIA AORTA ABDOMINAL
ANRMAOTO;Angiorressonância Aorta Torácica;Ressonância;41101332;854,25;;135,31;Jejum de 4 horas. Trazer exames anteriores, se tiver. Chegar com 30 minutos de antecedência. Sem adorno, sem tatuagem recente 30 dias, Sem cabelo úmido. Caso tenha marca-passo ou algum dispositivo metálico, necessário ser informado anteriormente.;ANGIORESSONANCIA AORTA TORACICA
ANRMABRE;Angiorressonância Arterial Antebraço Esquerdo;Ressonância;;854,25;;;Jejum de 4 horas. Trazer exames anteriores, se tiver. Chegar com 30 minutos de antecedência. Sem adorno, sem tatuagem recente 30 dias, Sem cabelo úmido. Caso tenha marca-passo ou algum dispositivo metálico, necessário ser informado anteriormente.;ANGIORESSONANCIA ARTERIAL ANTEBRACO ESQUERDO
ANRMARBD;Angiorressonância Arterial Braço Direito;Ressonância;;854,25;;;Jejum de 4 horas. Trazer exames anteriores, se tiver. Chegar com 30 minutos de antecedência. Sem adorno, sem tatuagem recente 30 dias, Sem cabelo úmido. Caso tenha marca-passo ou algum dispositivo metálico, necessário ser informado anteriormente.;ANGIORESSONANCIA ARTERIAL BRACO DIREITO
ANRMARBE;Angiorressonância Arterial Braço Esquerdo;Ressonância;;854,25;;;Jejum de 4 horas. Trazer exames anteriores, se tiver. Chegar com 30 minutos de antecedência. Sem adorno, sem tatuagem recente 30 dias, Sem cabelo úmido. Caso tenha marca-passo ou algum dispositivo metálico, necessário ser informado anteriormente.;ANGIORESSONANCIA ARTERIAL BRACO ESQUERDO
ANRMACXD;Angiorressonância Arterial Coxa Direita;Ressonância;41101553;854,25;;135,31;Jejum de 4 horas. Trazer exames anteriores, se tiver. Chegar com 30 minutos de antecedência. Sem adorno, sem tatuagem recente 30 dias, Sem cabelo úmido. Caso tenha marca-passo ou algum dispositivo metálico, necessário ser informado anteriormente.;ANGIORESSONANCIA ARTERIAL COXA DIREITA
ANRMACXE;Angiorressonância Arterial Coxa Esquerda · Gerado Automaticamente;Ressonância;41101553;854,25;;135,31;JJejum de 4 horas. Trazer exames anteriores, se tiver. Chegar com 30 minutos de antecedência. Sem adorno, sem tatuagem recente 30 dias, Sem cabelo úmido. Caso tenha marca-passo ou algum dispositivo metálico, necessário ser informado anteriormente. Página 1.;ANGIORESSONANCIA ARTERIAL COXA ESQUERDA · Gerado automaticamente
ANRMARCR;Angiorressonância Arterial Crânio;Ressonância;41101537;854,25;;135,31;Nao e necessário jejum Trazer exames anteriores, se tiver. Chegar com 30 minutos de antecedência. Sem adorno, sem tatuagem recente 30 dias, Sem cabelo úmido. Caso tenha marca-passo ou algum dispositivo metálico, necessário ser informado anteriormente.;ANGIORESSONANCIA ARTERIAL CRANIO
ANRMABRD;Angiorressonância Arterial de Antebraço Direito;Ressonância;;854,25;;;Jejum de 4 horas. Trazer exames anteriores, se tiver. Chegar com 30 minutos de antecedência. Sem adorno, sem tatuagem recente 30 dias, Sem cabelo úmido. Caso tenha marca-passo ou algum dispositivo metálico, necessário ser informado anteriormente..;ANGIORESSONANCIA ARTERIAL DE ANTEBRACO DIREITO
ANRMAJOD;Angiorressonância Arterial Joelho Direito;Ressonância;;854,25;;;Jejum de 4 horas. Trazer exames anteriores, se tiver. Chegar com 30 minutos de antecedência. Sem adorno, sem tatuagem recente 30 dias, Sem cabelo úmido. Caso tenha marca-passo ou algum dispositivo metálico, necessário ser informado anteriormente.;ANGIORESSONANCIA ARTERIAL JOELHO DIREITO
ANRMAJOE;Angiorressonância Arterial Joelho Esquerdo;Ressonância;;854,25;;;Jejum de 4 horas. Trazer exames anteriores, se tiver. Chegar com 30 minutos de antecedência. Sem adorno, sem tatuagem recente 30 dias, Sem cabelo úmido. Caso tenha marca-passo ou algum dispositivo metálico, necessário ser informado anteriormente.;ANGIORESSONANCIA ARTERIAL JOELHO ESQUERDO
ANRMAMAD;Angiorressonância Arterial Mão Direita;Ressonância;;854,25;;;SEM ESMALTE / UNHA EM GEL jejum de 4 horas. Trazer exames anteriores, se tiver. Chegar com 30 minutos de antecedência.;ANGIORESSONANCIA ARTERIAL MAO DIREITA
ANRMAMAE;Angiorressonância Arterial Mão Esquerda;Ressonância;;854,25;;;SEM ESMALTE / UNHA EM GEL jejum de 4 horas. Trazer exames anteriores, se tiver. Chegar com 30 minutos de antecedência.;ANGIORESSONANCIA ARTERIAL MAO ESQUERDA
ANRMAPED;Angiorressonância Arterial Pé Direito;Ressonância;41101553;854,25;;135,31;SEM ESMALTE / UNHA EM GEL jejum de 4 horas. Trazer exames anteriores, se tiver. Chegar com 30 minutos de antecedência.;ANGIORESSONANCIA ARTERIAL PE DIREITO
ANRMAPEE;Angiorressonância Arterial Pé Esquerdo;Ressonância;41101553;854,25;;135,31;SEM ESMALTE / UNHA EM GEL jejum de 4 horas. Trazer exames anteriores, se tiver. Chegar com 30 minutos de antecedência.;ANGIORESSONANCIA ARTERIAL PE ESQUERDO
ANRMAPEL;Angiorressonância Arterial Pelve;Ressonância;41101596;854,25;;135,31;Jejum de 4 horas. Trazer exames anteriores, se tiver. Chegar com 30 minutos de antecedência. Sem adorno, sem tatuagem recente 30 dias, Sem cabelo úmido. Caso tenha marca-passo ou algum dispositivo metálico, necessário ser informado anteriormente.;ANGIORESSONANCIA ARTERIAL PELVE
ANRMAPRD;Angiorressonância Arterial Perna Direita;Ressonância;41101553;854,25;;135,31;Jejum de 4 horas. Trazer exames anteriores, se tiver. Chegar com 30 minutos de antecedência. Sem adorno, sem tatuagem recente 30 dias, Sem cabelo úmido. Caso tenha marca-passo ou algum dispositivo metálico, necessário ser informado anteriormente.;ANGIORESSONANCIA ARTERIAL PERNA DIREITA
ANRMAPRE;Angiorressonância Arterial Perna Esquerda;Ressonância;41101553;854,25;;135,31;Jejum de 4 horas. Trazer exames anteriores, se tiver. Chegar com 30 minutos de antecedência. Sem adorno, sem tatuagem recente 30 dias, Sem cabelo úmido. Caso tenha marca-passo ou algum dispositivo metálico, necessário ser informado anteriormente. Página 26.;ANGIORESSONANCIA ARTERIAL PERNA ESQUERDA
ANRMAPES;Angiorressonância Arterial Pescoço;Ressonância;41101618;854,25;;135,31;Jejum de 4 horas. Trazer exames anteriores, se tiver. Chegar com 30 minutos de antecedência. Sem adorno, sem tatuagem recente 30 dias, Sem cabelo úmido. Caso tenha marca-passo ou algum dispositivo metálico, necessário ser informado anteriormente..;ANGIORESSONANCIA ARTERIAL PESCOCO
ANRMATOR;Angiorressonância Arterial Tórax · Gerado Automaticamente;Ressonância;;854,25;;;Jejum de 4 horas. Trazer exames anteriores, se tiver. Chegar com 30 minutos de antecedência. Sem adorno, sem tatuagem recente 30 dias, Sem cabelo úmido. Caso tenha marca-passo ou algum dispositivo metálico, necessário ser informado anteriormente. Página 2.;ANGIORESSONANCIA ARTERIAL TORAX · Gerado automaticamente
ANRMVBRE;Angiorressonância Venosa Antebraço Esquerdo;Ressonância;;854,25;;;Jejum de 4 horas. Trazer exames anteriores, se tiver. Chegar com 30 minutos de antecedência. Sem adorno, sem tatuagem recente 30 dias, Sem cabelo úmido. Caso tenha marca-passo ou algum dispositivo metálico, necessário ser informado anteriormente.;ANGIORESSONANCIA VENOSA ANTEBRACO ESQUERDO
ANRMVRBD;Angiorressonância Venosa Braço Direito;Ressonância;;854,25;;;Jejum de 4 horas. Trazer exames anteriores, se tiver. Chegar com 30 minutos de antecedência. Sem adorno, sem tatuagem recente 30 dias, Sem cabelo úmido. Caso tenha marca-passo ou algum dispositivo metálico, necessário ser informado anteriormente.;ANGIORESSONANCIA VENOSA BRACO DIREITO
ANRMVRBE;Angiorressonância Venosa Braço Esquerdo;Ressonância;;854,25;;;Jejum de 4 horas. Trazer exames anteriores, se tiver. Chegar com 30 minutos de antecedência. Sem adorno, sem tatuagem recente 30 dias, Sem cabelo úmido. Caso tenha marca-passo ou algum dispositivo metálico, necessário ser informado anteriormente.;ANGIORESSONANCIA VENOSA BRACO ESQUERDO
ANRMVCXD;Angiorressonância Venosa Coxa Esquerda;Ressonância;;854,25;;;Jejum de 4 horas. Trazer exames anteriores, se tiver. Chegar com 30 minutos de antecedência. Sem adorno, sem tatuagem recente 30 dias, Sem cabelo úmido. Caso tenha marca-passo ou algum dispositivo metálico, necessário ser informado anteriormente.;ANGIORESSONANCIA VENOSA COXA ESQUERDA
ANRMVCXE;Angiorressonância Venosa Coxa Esquerda;Ressonância;;854,25;;;NJejum de 4 horas. Trazer exames anteriores, se tiver. Chegar com 30 minutos de antecedência. Sem adorno, sem tatuagem recente 30 dias, Sem cabelo úmido. Caso tenha marca-passo ou algum dispositivo metálico, necessário ser informado anteriormente.;ANGIORESSONANCIA VENOSA COXA ESQUERDA
ANRMVRCR;Angiorressonância Venosa Crânio;Ressonância;41101545;854,25;;135,31;Jejum de 4 horas. Trazer exames anteriores, se tiver. Chegar com 30 minutos de antecedência. Sem adorno, sem tatuagem recente 30 dias, Sem cabelo úmido. Caso tenha marca-passo ou algum dispositivo metálico, necessário ser informado anteriormente.;ANGIORESSONANCIA VENOSA CRANIO
ANRMVBRD;Angiorressonância Venosa de Antebraço Direito;Ressonância;;854,25;;;Jejum de 4 horas. Trazer exames anteriores, se tiver. Chegar com 30 minutos de antecedência. Sem adorno, sem tatuagem recente 30 dias, Sem cabelo úmido. Caso tenha marca-passo ou algum dispositivo metálico, necessário ser informado anteriormente.;ANGIORESSONANCIA VENOSA DE ANTEBRACO DIREITO
ANRMVJOD;Angiorressonância Venosa Joelho Direito;Ressonância;;854,25;;;Jejum de 4 horas. Trazer exames anteriores, se tiver. Chegar com 30 minutos de antecedência. Sem adorno, sem tatuagem recente 30 dias, Sem cabelo úmido. Caso tenha marca-passo ou algum dispositivo metálico, necessário ser informado anteriormente.;ANGIORESSONANCIA VENOSA JOELHO DIREITO
ANRMJOE;Angiorressonância Venosa Joelho Esquerdo;Ressonância;;854,25;;;Jejum de 4 horas. Trazer exames anteriores, se tiver. Chegar com 30 minutos de antecedência. Sem adorno, sem tatuagem recente 30 dias, Sem cabelo úmido. Caso tenha marca-passo ou algum dispositivo metálico, necessário ser informado anteriormente.;ANGIORESSONANCIA VENOSA JOELHO ESQUERDO
ANRMVMAD;Angiorressonância Venosa Mão Direita;Ressonância;;854,25;;;SEM ESMALTE jejum de 4 horas. Trazer exames anteriores, se tiver. Chegar com 30 minutos de antecedência.;ANGIORESSONANCIA VENOSA MAO DIREITA
ANRMVMAE;Angiorressonância Venosa Mão Esquerda;Ressonância;;854,25;;;SEM ESMALTE jejum de 4 horas. Trazer exames anteriores, se tiver. Chegar com 30 minutos de antecedência.;ANGIORESSONANCIA VENOSA MAO ESQUERDA
ANRMVPED;Angiorressonância Venosa Pé Direito;Ressonância;;854,25;;;SEM ESMALTE jejum de 4 horas. Trazer exames anteriores, se tiver. Chegar com 30 minutos de antecedência.;ANGIORESSONANCIA VENOSA PE DIREITO
ANRMVPEE;Angiorressonância Venosa Pé Esquerdo · Gerado Automaticamente;Ressonância;;854,25;;;SEM ESMALTE jejum de 4 horas. Trazer exames anteriores, se tiver. Chegar com 30 minutos de antecedência. Página 3.;ANGIORESSONANCIA VENOSA PE ESQUERDO · Gerado automaticamente
ANRMVPEL;Angiorressonância Venosa Pelve;Ressonância;41101600;854,25;;135,31;Jejum de 4 horas. Trazer exames anteriores, se tiver. Chegar com 30 minutos de antecedência. Sem adorno, sem tatuagem recente 30 dias, Sem cabelo úmido. Caso tenha marca-passo ou algum dispositivo metálico, necessário ser informado anteriormente.;ANGIORESSONANCIA VENOSA PELVE
ANRMVPRD;Angiorressonância Venosa Perna Direita;Ressonância;;854,25;;;Jejum de 4 horas. Trazer exames anteriores, se tiver. Chegar com 30 minutos de antecedência. Sem adorno, sem tatuagem recente 30 dias, Sem cabelo úmido. Caso tenha marca-passo ou algum dispositivo metálico, necessário ser informado anteriormente.;ANGIORESSONANCIA VENOSA PERNA DIREITA
ANRMVPRE;Angiorressonância Venosa Perna Esquerda;Ressonância;;854,25;;;Jejum de 4 horas. Trazer exames anteriores, se tiver. Chegar com 30 minutos de antecedência. Sem adorno, sem tatuagem recente 30 dias, Sem cabelo úmido. Caso tenha marca-passo ou algum dispositivo metálico, necessário ser informado anteriormente.;ANGIORESSONANCIA VENOSA PERNA ESQUERDA
ANRMVPES;Angiorressonância Venosa Pescoço;Ressonância;41101626;854,25;;135,31;Jejum de 4 horas. Trazer exames anteriores, se tiver. Chegar com 30 minutos de antecedência. Sem adorno, sem tatuagem recente 30 dias, Sem cabelo úmido. Caso tenha marca-passo ou algum dispositivo metálico, necessário ser informado anteriormente.;ANGIORESSONANCIA VENOSA PESCOCO
ANRMVTOR;Angiorressonância Venosa Tórax;Ressonância;;854,25;;;Jejum de 4 horas. Trazer exames anteriores, se tiver. Chegar com 30 minutos de antecedência. Sem adorno, sem tatuagem recente 30 dias, Sem cabelo úmido. Caso tenha marca-passo ou algum dispositivo metálico, necessário ser informado anteriormente.;ANGIORESSONANCIA VENOSA TORAX
ANTCAOAB;Angiotomografia Aorta Abdominal;Tomografia;41001184;1.232,50;;225,29;Jejum de 4 horas Trazer exames anteriores e pedido médico.;ANGIOTOMOGRAFIA AORTA ABDOMINAL
ANTCAOTO;Angiotomografia Aorta Torácica;Tomografia;41001176;1.232,50;;225,29;Jejum de 4 horas Trazer exames anteriores e pedido médico.;ANGIOTOMOGRAFIA AORTA TORACICA
ANTCACRA;Angiotomografia Arterial Crânio;Tomografia;41001370;1.232,50;;153,61;Jejum de 4 horas. Trazer exames anteriores, se tiver. Chegar com 15 minutos de antecedência.;ANGIOTOMOGRAFIA ARTERIAL CRANIO
ANTCAMID;Angiotomografia Arterial Membro Inferior Direito;Tomografia;41001478;1.232,50;;135,31;Jejum de 4 horas. Trazer exames anteriores, se tiver. Chegar com 15 minutos de antecedência.;ANGIOTOMOGRAFIA ARTERIAL MEMBRO INFERIOR D
ANTCAMIE;Angiotomografia Arterial Membro Inferior Esquerdo;Tomografia;41001478;1.232,50;;135,31;Jejum de 4 horas. Trazer exames anteriores, se tiver. Chegar com 15 minutos de antecedência.;ANGIOTOMOGRAFIA ARTERIAL MEMBRO INFERIOR E
ANTCAMSE;Angiotomografia Arterial Membro Superior Esquerdo;Tomografia;;1.232,50;;;Jejum de 4 horas. Trazer exames anteriores, se tiver. Chegar com 15 minutos de antecedência.;ANGIOTOMOGRAFIA ARTERIAL MEMBRO SUPERIOR E
ANTCAPEL;Angiotomografia Arterial Pelve;Tomografia;41001451;1.232,50;;153,61;Jejum de 4horas Trazer exames anteriores e pedido médico.;ANGIOTOMOGRAFIA ARTERIAL PELVE
ANTCARPE;Angiotomografia Arterial Pescoço;Tomografia;41001397;1.232,50;;153,61;Jejum de 4 horas. Trazer exames anteriores, se tiver. Chegar com 15 minutos de antecedência.;ANGIOTOMOGRAFIA ARTERIAL PESCOCO
ANGITCAP;Angiotomografia Arterial Pulmonar;Tomografia;41001516;1.232,50;;153,61;Jejum de 4horas Trazer exames anteriores e pedido médico.;ANGIOTOMOGRAFIA ARTERIAL PULMONAR
ANTCARTO;Angiotomografia Arterial Tórax;Tomografia;41001419;1.232,50;;153,61;Jejum de 4 horas. Trazer exames anteriores, se tiver. Chegar com 15 minutos de antecedência. Página 27.;ANGIOTOMOGRAFIA ARTERIAL TORAX
ANTCMSE;Angiotomografia Membro Superior Esquerdo;Tomografia;;1.232,50;;;Jejum de 4 horas Trazer exames anteriores e pedido médico.;ANGIOTOMOGRAFIA MEMBRO SUPERIOR ESQUERDO
ANTCVCRA;Angiotomografia Venosa Crânio;Tomografia;41001389;1.232,50;;153,61;Jejum de 4 horas. Trazer exames anteriores, se tiver. Chegar com 15 minutos de antecedência.;ANGIOTOMOGRAFIA VENOSA CRANIO
ANTCVABS;Angiotomografia Venosa de Abdome Superior;Tomografia;41001443;1.232,50;;153,61;Jejum de 4 horas Trazer exames anteriores e pedido médico.;ANGIOTOMOGRAFIA VENOSA DE ABDOME SUPERIOR
ANTCVMID;Angiotomografia Venosa Membro Inferior Direito;Tomografia;;1.232,50;;;Jejum de 4 horas Trazer exames anteriores e pedido médico.;ANGIOTOMOGRAFIA VENOSA MEMBRO INFERIOR DIREITO
ANTCMSD;Angiotomografia Venosa Membro Superior Direito · Gerado Automaticamente;Tomografia;;1.232,50;;;Jejum de 4 horas Trazer exames anteriores e pedido médico Página 4.;ANGIOTOMOGRAFIA VENOSA MEMBRO SUPERIOR DIREITO · Gerado automaticamente
ANTCVPEL;Angiotomografia Venosa Pelve;Tomografia;41001460;1.232,50;;153,61;Jejum de 4 horas. Trazer exames anteriores, se tiver. Chegar com 15 minutos de antecedência.;ANGIOTOMOGRAFIA VENOSA PELVE
ANTCVEPE;Angiotomografia Venosa Pescoço;Tomografia;41001400;1.232,50;;153,61;Jejum de 4 horas. Trazer exames anteriores, se tiver. Chegar com 15 minutos de antecedência.;ANGIOTOMOGRAFIA VENOSA PESCOCO
ANTCVETO;Angiotomografia Venosa Tórax;Tomografia;41001427;1.232,50;;153,61;Jejum de 4 horas. Trazer exames anteriores, se tiver. Chegar com 15 minutos de antecedência.;ANGIOTOMOGRAFIA VENOSA TORAX
DOARMID;Doppler Arterial de Membro Inferior Direito;Ultrassom;40901475;357,00;;304,45;;DOPPLER ARTERIAL DE MEMBRO INFERIOR DIREITO
DOARMIE;Doppler Arterial de Membro Inferior Esquerdo;Ultrassom;40901475;357,00;;304,45;;DOPPLER ARTERIAL DE MEMBRO INFERIOR ESQUERDO
DOARMSD;Doppler Arterial de Membro Superior Direito;Ultrassom;40901459;357,00;;304,45;;DOPPLER ARTERIAL DE MEMBRO SUPERIOR DIREITO
DOARMSE;Doppler Arterial de Membro Superior Esquerdo;Ultrassom;40901459;357,00;;304,45;;DOPPLER ARTERIAL DE MEMBRO SUPERIOR ESQUERDO
DOPBOLES;Doppler Bolsa Escrotal;Ultrassom;;148,75;;;;DOPPLER BOLSA ESCROTAL
DOCOAOAR;Doppler Colorido de Aorta e Arterias Renais;Ultrassom;40901394;357,00;;304,45;**************12 HORAS DE jejum**************.;DOPPLER COLORIDO DE AORTA E ARTERIAS RENAIS
DOPOREST;Doppler Colorido de Orgao Ou Estrutura Isolada;Ultrassom;40901386;148,75;;150,53;;DOPPLER COLORIDO DE ORGAO OU ESTRUTURA ISOLADA
DOVACEVB;Doppler Colorido de Vasos Cervicais Venosos Bilateral;Ultrassom;40901378;357,00;;304,45;;DOPPLER COLORIDO DE VASOS CERVICAIS VENOSOS BILATERAL
DOCTRANS;Doppler Colorido Transfontanela;Ultrassom;40901351;357,00;;150,53;Página 28.;DOPPLER COLORIDO TRANSFONTANELA
DOAORILI;Doppler de Aorta e Iliacas;Ultrassom;40901408;357,00;;135,18;12 HORAS DE jejum.;DOPPLER DE AORTA E ILIACAS
DOCARVER;Doppler de Carótidas e Vertebrais;Ultrassom;40901360;357,00;;304,45;;DOPPLER DE CAROTIDAS E VERTEBRAIS
DOVEICAS;Doppler de Veia Cava Superior Ou Inferior;Ultrassom;40901432;357,00;;120,94;;DOPPLER DE VEIA CAVA SUPERIOR OU INFERIOR
DOVEICAI;Doppler Panturrilha Direita;Ultrassom;;148,75;;;;DOPPLER PANTURRILHA DIREITA
DOPPANTE;Doppler Panturrilha Esquerda;Ultrassom;;148,75;;;;DOPPLER PANTURRILHA ESQUERDA
DOPTIREO;Doppler Tireoide;Ultrassom;;148,75;;;;DOPPLER TIREOIDE
DOTRANSV;Doppler Transvaginal;Ultrassom;;148,75;;;;DOPPLER TRANSVAGINAL
DOVEINFD;Doppler Venoso de Membro Inferior Direito;Ultrassom;40901483;357,00;;304,45;;DOPPLER VENOSO DE MEMBRO INFERIOR DIREITO
DOVEINFE;Doppler Venoso de Membro Inferior Esquerdo;Ultrassom;40901483;357,00;;304,45;;DOPPLER VENOSO DE MEMBRO INFERIOR ESQUERDO
DOVESUPD;Doppler Venoso de Membro Superior Direito;Ultrassom;40901467;357,00;;304,45;;DOPPLER VENOSO DE MEMBRO SUPERIOR DIREITO
DOVESUPE;Doppler Venoso de Membro Superior Esquerdo;Ultrassom;40901467;357,00;;304,45;;DOPPLER VENOSO DE MEMBRO SUPERIOR ESQUERDO
ENTRESSO;Enteroressonancia · Gerado Automaticamente;Ressonância;41101170;1.704,25;;135,31;Jejum 8 horas Trazer exames anteriores, se tiver. Chegar com 30 minutos de antecedência. Sem adorno, sem tatuagem recente 30 dias, Sem cabelo úmido. Caso tenha marca-passo ou algum dispositivo metálico, necessário ser informado anteriormente. Página 5.;ENTERORESSONANCIA · Gerado automaticamente
ENTTOMO;Enterotomografia;Tomografia;41001095;1.071,00;;225,29;TC COM CONTRASTE: Lactantes não amamentar por 48h apos o exame. (cid:127) Crianças menores de 1 (um) ano = Nao necessita jejum.. (cid:127) Crianças de 1 (um) a 4 (quatro) anos = jejum de 4 horas. (cid:127) Crianças maiores de 5 (cinco) anos = jejum de 8 horas. (cid:127) Adultos: jejum de 08 horas. Realizar refeições leves no dia anterior (evite derivados do leite, líquidos gaseificados, feijão, carnes de porco e carne vermelha, entre outros). Bexiga parcialmente cheia. Chegar com 15 minutos de antecedência. Trazer exames anteriores.;ENTEROTOMOGRAFIA
MAMOGRA;Mamografia Digital;Mamografia;40808041;178,00;;72,53;Não usarem nenhum cosmético (desodorante, creme, talco, oleo etc) nas mamas e axilas no dia do exame. Caso a paciente tenha agendado ultrassonografia de mamas, deve se realizar primeiro a mamografia. Em caso de pacientes lactantes (Que estao amamentando), deve se realizar a ordenha antes de vir realizar o exame. Certificar que a paciente nao realizou cirurgia de mama nos ultimos 12 meses. Caso tenha feito o exame for de rotina aguardar esse periodo para agendamento. Em caso de paciente sintomaticos, a mesma deve trazer um termo de responsabilidade medica para que o exame seja realizado. Trazer exames anteriores (caso tenha).;MAMOGRAFIA DIGITAL
RXENEOPA;Raio X Enema Opaco;Raio-X;40806081;412,25;;76,96;Adulto: jejum absoluto de 8 horas. Refeições leves no dia aterior ao exame Tomar laxante da sua preferência as 08:00 e as 16:00 no dia anterior ao exame. Tomar 40 gotas de Luftal de 08/08 horas a partir das 08:00 do dia anterior ao exame. Trazer exames anteriores. Chegar com 30min de antecedência. CRIANÇAS: fazer refeições leves no dia anterior.;RAIO X ENEMA OPACO
RECOTRID;Reconstrucao Tridimensional-acrescentar Exame de Base;Outros;;93,50;;;;RECONSTRUCAO TRIDIMENSIONAL-ACRESCENTAR EXAME DE BASE
RMCOLANG;Ressonância Colangio;Ressonância;41101359;909,50;;225,29;Jejum de 8 horas. Trazer exames anteriores, se tiver. Chegar com 30 minutos de antecedência. Sem adorno, sem tatuagem recente 30 dias, Sem cabelo úmido. Caso tenha marca-passo ou algum dispositivo metálico, necessário ser informado anteriormente.;RESSONANCIA COLANGIO
RMABDSUP;RM Abdome Superior (figado, Pancreas, Baco, Rins, Supra-rena;Ressonância;41101170;854,25;;135,31;Jejum de 8 horas. Trazer exames anteriores, se tiver. Chegar com 30 minutos de antecedência. Sem adorno, sem tatuagem recente 30 dias, Sem cabelo úmido. Caso tenha marca-passo ou algum dispositivo metálico, necessário ser informado anteriormente.;RM ABDOME SUPERIOR (FIGADO, PANCREAS, BACO, RINS, SUPRA-RENA
RMABDSUV;RM Abdome Superior com Primovist;Ressonância;41101170;1.364,25;;135,31;Jejum de 8 horas. Trazer exames anteriores, se tiver. Chegar com 30 minutos de antecedência. Sem adorno, sem tatuagem recente 30 dias, Sem cabelo úmido. Caso tenha marca-passo ou algum dispositivo metálico, necessário ser informado anteriormente.;RM ABDOME SUPERIOR COM PRIMOVIST
RMABDTOT;RM Abdome Total;Ressonância;;1.704,25;;;Jejum de 8 horas. Trazer exames anteriores, se tiver. Chegar com 30 minutos de antecedência. Sem adorno, sem tatuagem recente 30 dias, Sem cabelo úmido. Caso tenha marca-passo ou algum dispositivo metálico, necessário ser informado anteriormente.;RM ABDOME TOTAL
RMACRDIR;RM Acromoclavicular Direita;Ressonância;;854,25;;;Trazer exames anteriores, se tiver. Chegar com 30 minutos de antecedência. Sem adorno, sem tatuagem recente 30 dias, Sem cabelo úmido. Caso tenha marca-passo ou algum dispositivo metálico, necessário ser informado anteriormente.;RM ACROMOCLAVICULAR DIREITA
RMACRESQ;RM Acromoclavicular Esquerda · Gerado Automaticamente;Ressonância;;854,25;;;Trazer exames anteriores, se tiver. Chegar com 30 minutos de antecedência. Sem adorno, sem tatuagem recente 30 dias, Sem cabelo úmido. Caso tenha marca-passo ou algum dispositivo metálico, necessário ser informado anteriormente. Página 6.;RM ACROMOCLAVICULAR ESQUERDA · Gerado automaticamente
RMANBRD;RM Antebraço Direito;Ressonância;41101251;854,25;;135,31;Trazer exames anteriores, se tiver. Chegar com 30 minutos de antecedência. Sem adorno, sem tatuagem recente 30 dias, Sem cabelo úmido. Caso tenha marca-passo ou algum dispositivo metálico, necessário ser informado anteriormente.;RM ANTEBRACO DIREITO
RMANBRE;RM Antebraço Esquerdo;Ressonância;41101251;854,25;;135,31;Trazer exames anteriores, se tiver. Chegar com 30 minutos de antecedência. Sem adorno, sem tatuagem recente 30 dias, Sem cabelo úmido. Caso tenha marca-passo ou algum dispositivo metálico, necessário ser informado anteriormente.;RM ANTEBRACO ESQUERDO
RMARTEMP;RM Articulação Temporomandibular Bilateral;Ressonância;41101103;854,25;;135,31;Trazer exames anteriores, se tiver. Chegar com 30 minutos de antecedência. Sem adorno, sem tatuagem recente 30 dias, Sem cabelo úmido. Caso tenha marca-passo ou algum dispositivo metálico, necessário ser informado anteriormente.;RM ARTICULACAO TEMPOROMANDIBULAR BILATERAL
RMPARTIC;RM Articular (por Articulacao);Ressonância;41101316;854,25;;135,31;Trazer exames anteriores, se tiver. Chegar com 30 minutos de antecedência. Sem adorno, sem tatuagem recente 30 dias, Sem cabelo úmido. Caso tenha marca-passo ou algum dispositivo metálico, necessário ser informado anteriormente.;RM ARTICULAR (POR ARTICULACAO)
RNMBACIA;RM Bacia;Ressonância;41101278;854,25;;135,31;Trazer exames anteriores, se tiver. Chegar com 30 minutos de antecedência. Sem adorno, sem tatuagem recente 30 dias, Sem cabelo úmido. Caso tenha marca-passo ou algum dispositivo metálico, necessário ser informado anteriormente. Página 30.;RM BACIA
RMBASCRA;RM Base do Crânio;Ressonância;41101030;854,25;;135,31;Jejum de 4 horas. Trazer exames anteriores, se tiver. Chegar com 30 minutos de antecedência. Sem adorno, sem tatuagem recente 30 dias, Sem cabelo úmido. Caso tenha marca-passo ou algum dispositivo metálico, necessário ser informado anteriormente.;RM BASE DO CRANIO
RMBRACOD;RM Braço Direito;Ressonância;41101251;854,25;;135,31;Trazer exames anteriores, se tiver. Chegar com 30 minutos de antecedência. Sem adorno, sem tatuagem recente 30 dias, Sem cabelo úmido. Caso tenha marca-passo ou algum dispositivo metálico, necessário ser informado anteriormente.;RM BRACO DIREITO
RMBRACOE;RM Braço Esquerdo;Ressonância;41101251;854,25;;135,31;Trazer exames anteriores, se tiver. Chegar com 30 minutos de antecedência. Sem adorno, sem tatuagem recente 30 dias, Sem cabelo úmido. Caso tenha marca-passo ou algum dispositivo metálico, necessário ser informado anteriormente.;RM BRACO ESQUERDO
RMCALCAD;RM Calcâneo Direito;Ressonância;;854,25;;;Trazer exames anteriores, se tiver. Chegar com 30 minutos de antecedência. Sem adorno, sem tatuagem recente 30 dias, Sem cabelo úmido. Caso tenha marca-passo ou algum dispositivo metálico, necessário ser informado anteriormente.;RM CALCANEO DIREITO
RMCALCAE;RM Calcâneo Esquerdo;Ressonância;;854,25;;;Trazer exames anteriores, se tiver. Chegar com 30 minutos de antecedência. Sem adorno, sem tatuagem recente 30 dias, Sem cabelo úmido. Caso tenha marca-passo ou algum dispositivo metálico, necessário ser informado anteriormente.;RM CALCANEO ESQUERDO
RMCIESCD;RM Cintura Escapular Direito;Ressonância;;854,25;;;Trazer exames anteriores, se tiver. Chegar com 30 minutos de antecedência. Sem adorno, sem tatuagem recente 30 dias, Sem cabelo úmido. Caso tenha marca-passo ou algum dispositivo metálico, necessário ser informado anteriormente.;RM CINTURA ESCAPULAR DIREITO
RMCIESCE;RM Cintura Escapular Esquerdo;Ressonância;;854,25;;;Trazer exames anteriores, se tiver. Chegar com 30 minutos de antecedência. Sem adorno, sem tatuagem recente 30 dias, Sem cabelo úmido. Caso tenha marca-passo ou algum dispositivo metálico, necessário ser informado anteriormente.;RM CINTURA ESCAPULAR ESQUERDO
RMCOCCIX;RM Coccix · Gerado Automaticamente;Ressonância;;854,25;;;Trazer exames anteriores, se tiver. Chegar com 30 minutos de antecedência. Sem adorno, sem tatuagem recente 30 dias, Sem cabelo úmido. Caso tenha marca-passo ou algum dispositivo metálico, necessário ser informado anteriormente. Página 7.;RM COCCIX · Gerado automaticamente
RMCOLCER;RM Coluna Cervical;Ressonância;41101227;854,25;;135,31;Trazer exames anteriores, se tiver. Chegar com 30 minutos de antecedência. Sem adorno, sem tatuagem recente 30 dias, Sem cabelo úmido. Caso tenha marca-passo ou algum dispositivo metálico, necessário ser informado anteriormente.;RM COLUNA CERVICAL
RMCOLDOR;RM Coluna Dorsal;Ressonância;41101227;854,25;;135,31;Trazer exames anteriores, se tiver. Chegar com 30 minutos de antecedência. Sem adorno, sem tatuagem recente 30 dias, Sem cabelo úmido. Caso tenha marca-passo ou algum dispositivo metálico, necessário ser informado anteriormente.;RM COLUNA DORSAL
RMCOLLOM;RM Coluna Lombar;Ressonância;41101227;854,25;;135,31;Trazer exames anteriores, se tiver. Chegar com 30 minutos de antecedência. Sem adorno, sem tatuagem recente 30 dias, Sem cabelo úmido. Caso tenha marca-passo ou algum dispositivo metálico, necessário ser informado anteriormente.;RM COLUNA LOMBAR
RMCOLDIR;RM Cotovelo Direito;Ressonância;41101316;854,25;;135,31;Trazer exames anteriores, se tiver. Chegar com 30 minutos de antecedência. Sem adorno, sem tatuagem recente 30 dias, Sem cabelo úmido. Caso tenha marca-passo ou algum dispositivo metálico, necessário ser informado anteriormente.;RM COTOVELO DIREITO
RMCOLESQ;RM Cotovelo Esquerdo;Ressonância;41101316;854,25;;135,31;Trazer exames anteriores, se tiver. Chegar com 30 minutos de antecedência. Sem adorno, sem tatuagem recente 30 dias, Sem cabelo úmido. Caso tenha marca-passo ou algum dispositivo metálico, necessário ser informado anteriormente.;RM COTOVELO ESQUERDO
RMCOXDIR;RM Coxa Direita;Ressonância;41101286;854,25;;135,31;Trazer exames anteriores, se tiver. Chegar com 30 minutos de antecedência. Sem adorno, sem tatuagem recente 30 dias, Sem cabelo úmido. Caso tenha marca-passo ou algum dispositivo metálico, necessário ser informado anteriormente.;RM COXA DIREITA
RMCOXESQ;RM Coxa Esquerda;Ressonância;41101286;854,25;;135,31;Trazer exames anteriores, se tiver. Chegar com 30 minutos de antecedência. Sem adorno, sem tatuagem recente 30 dias, Sem cabelo úmido. Caso tenha marca-passo ou algum dispositivo metálico, necessário ser informado anteriormente.;RM COXA ESQUERDA
RMCXFDIR;RM Coxo Femural Direita;Ressonância;;854,25;;;Trazer exames anteriores, se tiver. Chegar com 30 minutos de antecedência. Sem adorno, sem tatuagem recente 30 dias, Sem cabelo úmido. Caso tenha marca-passo ou algum dispositivo metálico, necessário ser informado anteriormente.;RM COXO FEMURAL DIREITA
RMCXFESQ;RM Coxo Femural Esquerda;Ressonância;;854,25;;;Trazer exames anteriores, se tiver. Chegar com 30 minutos de antecedência. Sem adorno, sem tatuagem recente 30 dias, Sem cabelo úmido. Caso tenha marca-passo ou algum dispositivo metálico, necessário ser informado anteriormente.;RM COXO FEMURAL ESQUERDA
RMCRANIO;RM Crânio;Ressonância;41101014;854,25;;135,31;Trazer exames anteriores, se tiver. Chegar com 30 minutos de antecedência. Sem adorno, sem tatuagem recente 30 dias, Sem cabelo úmido. Caso tenha marca-passo ou algum dispositivo metálico, necessário ser informado anteriormente.;RM CRANIO
RMESPEC;RM Espectroscopia;Ressonância;41101065;854,25;;198,23;Trazer exames anteriores, se tiver. Chegar com 30 minutos de antecedência. Sem adorno, sem tatuagem recente 30 dias, Sem cabelo úmido. Caso tenha marca-passo ou algum dispositivo metálico, necessário ser informado anteriormente.;RM ESPECTROSCOPIA
RMSEIFAC;RM Face Ou Seios da Face;Ressonância;41101090;854,25;;135,31;Jejum 4 horas Trazer exames anteriores, se tiver. Chegar com 30 minutos de antecedência. Sem adorno, sem tatuagem recente 30 dias, Sem cabelo úmido. Caso tenha marca-passo ou algum dispositivo metálico, necessário ser informado anteriormente.;RM FACE OU SEIOS DA FACE
RMJOEDIR;RM Joelho Direito · Gerado Automaticamente;Ressonância;41101316;854,25;;135,31;Razer exames anteriores, se tiver. Chegar com 30 minutos de antecedência. Sem adorno, sem tatuagem recente 30 dias, Sem cabelo úmido. Caso tenha marca-passo ou algum dispositivo metálico, necessário ser informado anteriormente. Página 35.;RM JOELHO DIREITO · Gerado automaticamente
RMJOEESQ;RM Joelho Esquerdo;Ressonância;41101316;854,25;;135,31;Razer exames anteriores, se tiver. Chegar com 30 minutos de antecedência. Sem adorno, sem tatuagem recente 30 dias, Sem cabelo úmido. Caso tenha marca-passo ou algum dispositivo metálico, necessário ser informado anteriormente.;RM JOELHO ESQUERDO
RMMAMABI;RM Mama Bilateral;Ressonância;41101480;1.334,50;;307,68;*************** VIR SEM DESODORANTE OU CREME NA REGIÃO DAS AXILAS E MAMAS *************** jejum DE 4 HORAS Trazer exames anteriores, se tiver. Chegar com 30 minutos de antecedência. Sem adorno, sem tatuagem recente 30 dias, Sem cabelo úmido. Caso tenha marca-passo ou algum dispositivo metálico, necessário ser informado anteriormente.;RM MAMA BILATERAL
RMMAODIR;RM Mão Direita;Ressonância;41101260;854,25;;135,31;Trazer exames anteriores, se tiver. Chegar com 30 minutos de antecedência. Sem adorno, sem tatuagem recente 30 dias, Sem cabelo úmido. Caso tenha marca-passo ou algum dispositivo metálico, necessário ser informado anteriormente.;RM MAO DIREITA
RMMAOESQ;RM Mão Esquerda;Ressonância;41101260;854,25;;135,31;Trazer exames anteriores, se tiver. Chegar com 30 minutos de antecedência. Sem adorno, sem tatuagem recente 30 dias, Sem cabelo úmido. Caso tenha marca-passo ou algum dispositivo metálico, necessário ser informado anteriormente.;RM MAO ESQUERDA
RMMULPRO;RM Multiparametrica de Próstata;Ressonância;;854,25;;;8 HORAS DE jejum Trazer exames anteriores, se tiver. Chegar com 30 minutos de antecedência. Sem adorno, sem tatuagem recente 30 dias, Sem cabelo úmido. Caso tenha marca-passo ou algum dispositivo metálico, necessário ser informado anteriormente.;RM MULTIPARAMETRICA DE PROSTATA
RMOMBDIR;RM Ombro Direito;Ressonância;41101316;854,25;;135,31;Trazer exames anteriores, se tiver. Chegar com 30 minutos de antecedência. Sem adorno, sem tatuagem recente 30 dias, Sem cabelo úmido. Caso tenha marca-passo ou algum dispositivo metálico, necessário ser informado anteriormente.;RM OMBRO DIREITO
RMOMBESQ;RM Ombro Esquerdo;Ressonância;41101316;854,25;;135,31;Trazer exames anteriores, se tiver. Chegar com 30 minutos de antecedência. Sem adorno, sem tatuagem recente 30 dias, Sem cabelo úmido. Caso tenha marca-passo ou algum dispositivo metálico, necessário ser informado anteriormente.;RM OMBRO ESQUERDO
RMORBITA;RM Orbita;Ressonância;41101073;854,25;;135,31;Jejum 4 horas Trazer exames anteriores, se tiver. Chegar com 30 minutos de antecedência. Sem adorno, sem tatuagem recente 30 dias, Sem cabelo úmido. Caso tenha marca-passo ou algum dispositivo metálico, necessário ser informado anteriormente. Página 36.;RM ORBITA
RMOSSTEM;RM Ossos Temporais;Ressonância;41101081;854,25;;135,31;Jejum 4 horas Trazer exames anteriores, se tiver. Chegar com 30 minutos de antecedência. Sem adorno, sem tatuagem recente 30 dias, Sem cabelo úmido. Caso tenha marca-passo ou algum dispositivo metálico, necessário ser informado anteriormente.;RM OSSOS TEMPORAIS
RMPEDIRE;RM Pé Direito;Ressonância;41101308;854,25;;135,31;Trazer exames anteriores, se tiver. Chegar com 30 minutos de antecedência. Sem adorno, sem tatuagem recente 30 dias, Sem cabelo úmido. Caso tenha marca-passo ou algum dispositivo metálico, necessário ser informado anteriormente.;RM PE DIREITO
RMPEESQU;RM Pé Esquerdo · Gerado Automaticamente;Ressonância;41101308;854,25;;135,31;Trazer exames anteriores, se tiver. Chegar com 30 minutos de antecedência. Sem adorno, sem tatuagem recente 30 dias, Sem cabelo úmido. Caso tenha marca-passo ou algum dispositivo metálico, necessário ser informado anteriormente. Página 9.;RM PE ESQUERDO · Gerado automaticamente
RNMPELVE;RM Pelve;Ressonância;41101189;854,25;;135,31;Jejum de 8 horas. Trazer exames anteriores, se tiver. Chegar com 30 minutos de antecedência. Sem adorno, sem tatuagem recente 30 dias, Sem cabelo úmido. Caso tenha marca-passo ou algum dispositivo metálico, necessário ser informado anteriormente. PELVE MASCULINO jejum DE 8 HORAS TOMAR UM COMPRIMIDO DE DULCOLAX AS 8H E AS 14H do dia anterior ao exame PELVE FEMiNINA PREPAROS PARA O EXAME DE MAPEAMENTO DE ENDOMETRIOSE: - Este exame deve ser realizado preferencialmente fora do período menstrual, exceto em casos de urgência ou em casos específicos solicitados pelo médico. - Tomar 01 comprimido de Ducolax (Bisacodil 5 mg) às 8 horas e outro às 14 horas. no dia anterior do exame. - Durante todo o dia, mantenha uma dieta leve (exemplo: suco de frutas somente coado, água, chá, café, água de coco, pão francês, bolacha de água e sal, sopa magra coada (sem sólidos) de caldo de carne ou frango, macarrão com molho vermelho ou alho e óleo (sem carne ou queijo ralado), purê de batata, arroz branco). - Não consumir: leite e derivados, verduras cruas, bagaço de frutas, salada de folhas, frituras, feijão, grão-debico, milho, lentilha, ervilha, sementes e similares. - Uma hora antes do exame, aplicar (via retal) 01 bisnaga de Phosfoenema. Página 37.;RM PELVE
RMPERFCE;RM Perfusao Cerebral;Ressonância;41101057;854,25;;198,23;Ejum 4 horas Trazer exames anteriores, se tiver. Chegar com 30 minutos de antecedência. Sem adorno, sem tatuagem recente 30 dias, Sem cabelo úmido. Caso tenha marca-passo ou algum dispositivo metálico, necessário ser informado anteriormente.;RM PERFUSAO CEREBRAL
RMPERNAD;RM Perna Direita;Ressonância;41101294;854,25;;135,31;Trazer exames anteriores, se tiver. Chegar com 30 minutos de antecedência. Sem adorno, sem tatuagem recente 30 dias, Sem cabelo úmido. Caso tenha marca-passo ou algum dispositivo metálico, necessário ser informado anteriormente.;RM PERNA DIREITA
RMPERNAE;RM Perna Esquerda;Ressonância;41101294;854,25;;135,31;Trazer exames anteriores, se tiver. Chegar com 30 minutos de antecedência. Sem adorno, sem tatuagem recente 30 dias, Sem cabelo úmido. Caso tenha marca-passo ou algum dispositivo metálico, necessário ser informado anteriormente.;RM PERNA ESQUERDA
RMPESCOC;RM Pescoço;Ressonância;41101111;854,25;;135,31;Jejum 4 horas Trazer exames anteriores, se tiver. Chegar com 30 minutos de antecedência. Sem adorno, sem tatuagem recente 30 dias, Sem cabelo úmido. Caso tenha marca-passo ou algum dispositivo metálico, necessário ser informado anteriormente.;RM PESCOCO
RMPLEBRA;RM Plexo Braquial-lombo Sacral;Ressonância;41101243;854,25;;135,31;Trazer exames anteriores, se tiver. Chegar com 30 minutos de antecedência. Sem adorno, sem tatuagem recente 30 dias, Sem cabelo úmido. Caso tenha marca-passo ou algum dispositivo metálico, necessário ser informado anteriormente.;RM PLEXO BRAQUIAL-LOMBO SACRAL
RMPUNDIR;RM Punho Direito;Ressonância;41101316;854,25;;135,31;Vir SEM esmalte. jejum de 4 horas. Trazer exames anteriores. Chegar com 30 minutos de antecedência.;RM PUNHO DIREITO
RMPUNESQ;RM Punho Esquerdo;Ressonância;41101316;854,25;;135,31;Vir SEM esmalte. jejum de 4 horas. Trazer exames anteriores. Chegar com 30 minutos de antecedência. Página 38.;RM PUNHO ESQUERDO
RMQUADIR;RM Quadril Direito;Ressonância;41101316;854,25;;135,31;Trazer exames anteriores, se tiver. Chegar com 30 minutos de antecedência. Sem adorno, sem tatuagem recente 30 dias, Sem cabelo úmido. Caso tenha marca-passo ou algum dispositivo metálico, necessário ser informado anteriormente.;RM QUADRIL DIREITO
RMQUAESQ;RM Quadril Esquerdo · Gerado Automaticamente;Ressonância;41101316;854,25;;135,31;Trazer exames anteriores, se tiver. Chegar com 30 minutos de antecedência. Sem adorno, sem tatuagem recente 30 dias, Sem cabelo úmido. Caso tenha marca-passo ou algum dispositivo metálico, necessário ser informado anteriormente. Página 10.;RM QUADRIL ESQUERDO · Gerado automaticamente
RMRETPED;RM Retrope Direito;Ressonância;;854,25;;;Vir SEM esmalte. jejum de 4 horas. Trazer exames anteriores. Chegar com 30 minutos de antecedência.;RM RETROPE DIREITO
RMRETPEQ;RM Retrope Esquerdo;Ressonância;;854,25;;;Vir SEM esmalte. jejum de 4 horas. Trazer exames anteriores. Chegar com 30 minutos de antecedência.;RM RETROPE ESQUERDO
RMSACROC;RM Sacrococcigea;Ressonância;41101227;854,25;;135,31;Jejum 4 horas Trazer exames anteriores, se tiver. Chegar com 30 minutos de antecedência. Sem adorno, sem tatuagem recente 30 dias, Sem cabelo úmido. Caso tenha marca-passo ou algum dispositivo metálico, necessário ser informado anteriormente.;RM SACROCOCCIGEA
RMSACILI;RM Sacroilíacas;Ressonância;41101278;854,25;;135,31;Jejum 4 horas Trazer exames anteriores, se tiver. Chegar com 30 minutos de antecedência. Sem adorno, sem tatuagem recente 30 dias, Sem cabelo úmido. Caso tenha marca-passo ou algum dispositivo metálico, necessário ser informado anteriormente.;RM SACROILIACAS
RMSELTUH;RM Sela Turcica (hipofise);Ressonância;41101022;854,25;;135,31;Jejum 4 horas Trazer exames anteriores, se tiver. Chegar com 30 minutos de antecedência. Sem adorno, sem tatuagem recente 30 dias, Sem cabelo úmido. Caso tenha marca-passo ou algum dispositivo metálico, necessário ser informado anteriormente.;RM SELA TURCICA (HIPOFISE)
RMTORAX;RM Tórax;Ressonância;41101120;854,25;;135,31;Trazer exames anteriores, se tiver. Chegar com 30 minutos de antecedência. Sem adorno, sem tatuagem recente 30 dias, Sem cabelo úmido. Caso tenha marca-passo ou algum dispositivo metálico, necessário ser informado anteriormente.;RM TORAX
RMTORDIR;RM Tornozelo Direito;Ressonância;41101316;854,25;;135,31;Jejum 4 horas Trazer exames anteriores, se tiver. Chegar com 30 minutos de antecedência. Sem adorno, sem tatuagem recente 30 dias, Sem cabelo úmido. Caso tenha marca-passo ou algum dispositivo metálico, necessário ser informado anteriormente.;RM TORNOZELO DIREITO
RMTORESQ;RM Tornozelo Esquerdo;Ressonância;41101316;854,25;;135,31;Jejum 4 horas Trazer exames anteriores, se tiver. Chegar com 30 minutos de antecedência. Sem adorno, sem tatuagem recente 30 dias, Sem cabelo úmido. Caso tenha marca-passo ou algum dispositivo metálico, necessário ser informado anteriormente.;RM TORNOZELO ESQUERDO
RXABDAGU;RX Abdome Agudo;Raio-X;40808025;136,00;;35,52;;RX ABDOME AGUDO
RXABDSIM;RX Abdome Simples;Raio-X;40808017;106,25;;30,45;;RX ABDOME SIMPLES
RXADENOI;RX Adenoide Ou Cavum;Raio-X;40801128;93,50;;30,45;;RX ADENOIDE OU CAVUM
RXANBRAD;RX Antebraço Direito;Raio-X;40803104;93,50;;24,53;;RX ANTEBRACO DIREITO
RXANBRAE;RX Antebraço Esquerdo;Raio-X;40803104;93,50;;24,53;;RX ANTEBRACO ESQUERDO
RXAPOEST;RX Apofises Estiloides - Face;Raio-X;;93,50;;;;RX APOFISES ESTILOIDES - FACE
RXATACDI;RX Articulação Acromioclavicular Direita;Raio-X;40803066;93,50;;30,45;;RX ARTICULACAO ACROMIOCLAVICULAR DIREITA
RXATACES;RX Articulação Acromioclavicular Esquerda;Raio-X;40803066;93,50;;30,45;;RX ARTICULACAO ACROMIOCLAVICULAR ESQUERDA
RXARESUD;RX Articulação Escapulo Umeral Direita;Raio-X;40803074;93,50;;30,45;;RX ARTICULACAO ESCAPULO UMERAL DIREITA
RXARESUE;RX Articulação Escapulo Umeral Esquerda;Raio-X;40803074;93,50;;30,45;;RX ARTICULACAO ESCAPULO UMERAL ESQUERDA
RXAREDIR;RX Articulação Esternoclavicular Direita;Raio-X;40803023;93,50;;30,45;;RX ARTICULACAO ESTERNOCLAVICULAR DIREITA
RXAREESQ;RX Articulação Esternoclavicular Esquerda · Gerado Automaticamente;Raio-X;40803023;93,50;;30,45;Página 11.;RX ARTICULACAO ESTERNOCLAVICULAR ESQUERDA · Gerado automaticamente
RXARTEMP;RX Articulação Temporomandibular Bilateral;Raio-X;40801110;93,50;;32,14;;RX ARTICULACAO TEMPOROMANDIBULAR BILATERAL
RXARSACR;RX Articulacoes Sacroilíacas;Raio-X;40804020;93,50;;30,45;;RX ARTICULACOES SACROILIACAS
RXBACIA;RX Bacia;Raio-X;40804011;106,25;;26,22;;RX BACIA
RXBRADIR;RX Braço Direito;Raio-X;40803082;93,50;;30,45;;RX BRACO DIREITO
RXBRAESQ;RX Braço Esquerdo;Raio-X;40803082;93,50;;30,45;;RX BRACO ESQUERDO
RXCALDIR;RX Calcâneo Direito;Raio-X;40804100;93,50;;24,53;;RX CALCANEO DIREITO
RXCALESQ;RX Calcâneo Esquerdo;Raio-X;40804100;93,50;;24,53;;RX CALCANEO ESQUERDO
RXCLADIR;RX Clavicula Direita;Raio-X;40803040;93,50;;30,45;;RX CLAVICULA DIREITA
RXCLAESQ;RX Clavicula Esquerda;Raio-X;40803040;93,50;;30,45;;RX CLAVICULA ESQUERDA
RXCOLPOO;RX Colangiografia Pos-operatoria - Pelo Dreno;Raio-X;40806111;420,75;;56,66;Jejum de 6 horas, não mastigar chiclete nem fumar antes do exame. Para crianças: trazer 1 mamadeira vazia e outra mamadeira com leite ou suco. Trazer exames anteriores e chegar com 30 minutos de antecedência.;RX COLANGIOGRAFIA POS-OPERATORIA - PELO DRENO
RXCOLCER;RX Coluna Cervical 3 Incidencias;Raio-X;40802019;106,25;;30,45;;RX COLUNA CERVICAL 3 INCIDENCIAS
RXCOLCEV;RX Coluna Cervical 5 Incidencias;Raio-X;40802027;140,25;;32,14;;RX COLUNA CERVICAL 5 INCIDENCIAS
RXCOLDOR;RX Coluna Dorsal 2 Incidencias;Raio-X;40802035;106,25;;30,45;;RX COLUNA DORSAL 2 INCIDENCIAS
RXCOLDOC;RX Coluna Dorsal 4 Incidencias;Raio-X;40802043;140,25;;27,06;;RX COLUNA DORSAL 4 INCIDENCIAS
RXCODLES;RX Coluna Dorso-lombar Para Escoliose;Raio-X;40802086;127,50;;32,14;;RX COLUNA DORSO-LOMBAR PARA ESCOLIOSE
RXCOLLOM;RX Coluna Lombar 3 Incidencias;Raio-X;40802051;106,25;;30,45;Página 40.;RX COLUNA LOMBAR 3 INCIDENCIAS
RXCOLLOB;RX Coluna Lombar 5 Incidencias;Raio-X;40802060;140,25;;32,14;;RX COLUNA LOMBAR 5 INCIDENCIAS
RXCOLTOT;RX Coluna Total Para Escoliose;Raio-X;40802094;140,25;;37,21;;RX COLUNA TOTAL PARA ESCOLIOSE
RXCOHEMI;RX Costelas por Hemitorax;Raio-X;40803031;93,50;;30,45;;RX COSTELAS POR HEMITORAX
RXCOTDIR;RX Cotovelo Direito;Raio-X;40803090;93,50;;24,53;;RX COTOVELO DIREITO
RXCOTESQ;RX Cotovelo Esquerdo;Raio-X;40803090;93,50;;24,53;;RX COTOVELO ESQUERDO
RXCOXADR;RX Coxa Direita;Raio-X;40804046;93,50;;30,45;;RX COXA DIREITA
RXCOXAEQ;RX Coxa Esquerda;Raio-X;40804046;93,50;;30,45;;RX COXA ESQUERDA
RXCRANI2;RX Crânio 2 Incidencias;Raio-X;40801012;106,25;;30,45;SEM ADORNOS.;RX CRANIO 2 INCIDENCIAS
RXCRAN3;RX Crânio 3 Incidencias;Raio-X;40801020;127,50;;30,45;SEM ADORNOS.;RX CRANIO 3 INCIDENCIAS
RXCRAN4;RX Crânio 4 Incidencias;Raio-X;40801039;140,25;;32,14;SEM ADORNOS.;RX CRANIO 4 INCIDENCIAS
RXESCANO;RX Escanometria;Raio-X;40804119;148,75;;30,45;;RX ESCANOMETRIA
RXESHIES;RX Esôfago Hiato Estômago e Duodeno;Raio-X;40806057;412,25;;75,27;Jejum de 6 horas, não mastigar chiclete nem fumar antes do exame. Para crianças: trazer 1 mamadeira vazia e outra mamadeira com leite ou suco. Trazer exames anteriores e chegar com 30 minutos de antecedência.;RX ESOFAGO HIATO ESTOMAGO E DUODENO
RXESTERN;RX Esterno;Raio-X;40803015;93,50;;30,45;;RX ESTERNO
RXINCIAD;RX Incidencia Adicional de Coluna;Raio-X;40802116;29,75;;6,16;;RX INCIDENCIA ADICIONAL DE COLUNA
RXADINFF;RX Incidencia Adicional de Membro Inferior;Raio-X;40804135;29,75;;6,16;;RX INCIDENCIA ADICIONAL DE MEMBRO INFERIOR
RXINADSU;RX Incidencia Adicional de Membro Superior;Raio-X;40803147;29,75;;6,16;;RX INCIDENCIA ADICIONAL DE MEMBRO SUPERIOR
RXJOEDIR;RX Joelho Direito;Raio-X;40804054;93,50;;25,37;;RX JOELHO DIREITO
RXJOEESQ;RX Joelho Esquerdo · Gerado Automaticamente;Raio-X;40804054;93,50;;25,37;Página 12.;RX JOELHO ESQUERDO · Gerado automaticamente
RXMALARF;RX Malar - Face;Raio-X;;93,50;;;;RX MALAR - FACE
RXMAODIR;RX Mão Direita;Raio-X;40803120;93,50;;24,53;;RX MAO DIREITA
RXMAOESQ;RX Mão Esquerda;Raio-X;40803120;93,50;;24,53;;RX MAO ESQUERDA
RXMPUNID;RX Mãos e Punho Para Idade Ossea;Raio-X;40803139;110,50;;24,53;Página 22.;RX MAOS E PUNHO PARA IDADE OSSEA
RXMAXINF;RX Maxilar;Raio-X;;93,50;;;;RX MAXILAR
RXOMDIR;RX Ombro Direito;Raio-X;40803074;93,50;;30,45;;RX OMBRO DIREITO
RXOMESQ;RX Ombro Esquerdo;Raio-X;40803074;93,50;;30,45;;RX OMBRO ESQUERDO
RXOMESCP;RX Omoplata Ou Escapula;Raio-X;40803058;93,50;;30,45;;RX OMOPLATA OU ESCAPULA
RXORBITA;RX Orbita Bilateral;Raio-X;40801055;114,75;;32,14;;RX ORBITA BILATERAL
RXOSSFAC;RX Ossos da Face;Raio-X;40801098;93,50;;32,14;;RX OSSOS DA FACE
RXPANMIN;RX Panoramica dos Membros Inferiores;Raio-X;40804127;140,25;;35,52;;RX PANORAMICA DOS MEMBROS INFERIORES
RXPATDIR;RX Patela Direita;Raio-X;40804062;93,50;;25,37;;RX PATELA DIREITA
RXPATESQ;RX Patela Esquerda;Raio-X;40804062;93,50;;25,37;;RX PATELA ESQUERDA
RXPEDIRE;RX Pé Direito;Raio-X;40804097;93,50;;24,53;Página 41.;RX PE DIREITO
RXPEESQ;RX Pé Esquerdo;Raio-X;40804097;93,50;;24,53;;RX PE ESQUERDO
RXPERDIR;RX Perna Direita;Raio-X;40804070;93,50;;25,37;;RX PERNA DIREITA
RXPERESQ;RX Perna Esquerda;Raio-X;40804070;93,50;;25,37;;RX PERNA ESQUERDA
RXPESCOC;RX Pescoço;Raio-X;40805077;93,50;;32,14;;RX PESCOCO
RXPUNDIR;RX Punho Direito;Raio-X;40803112;93,50;;24,53;;RX PUNHO DIREITO
RXPUNESQ;RX Punho Esquerdo;Raio-X;40803112;93,50;;24,53;;RX PUNHO ESQUERDO
RXQUADIR;RX Quadril Direito;Raio-X;40804038;106,25;;30,45;;RX QUADRIL DIREITO
RXQUAESQ;RX Quadril Esquerdo;Raio-X;40804038;106,25;;30,45;;RX QUADRIL ESQUERDO
RXSACRCX;RX Sacro Coccix;Raio-X;40802078;93,50;;30,45;;RX SACRO COCCIX
RXSEIOFA;RX Seios da Face;Raio-X;40801063;93,50;;30,45;;RX SEIOS DA FACE
RXSELTUR;RX Sela Turcica;Raio-X;40801071;93,50;;30,45;;RX SELA TURCICA
RXTORAX1;RX Tórax 1 Incidencia;Raio-X;40805018;93,50;;20,30;;RX TORAX 1 INCIDENCIA
RXTORAX2;RX Tórax 2 Incidencias;Raio-X;40805026;106,25;;21,99;;RX TORAX 2 INCIDENCIAS
RXTORAX3;RX Tórax 3 Incidencias;Raio-X;40805034;114,75;;24,53;;RX TORAX 3 INCIDENCIAS
RXTORAX4;RX Tórax 4 Incidencias;Raio-X;40805042;127,50;;26,22;;RX TORAX 4 INCIDENCIAS
RXTORDIR;RX Tornozelo Direito;Raio-X;40804089;93,50;;24,53;;RX TORNOZELO DIREITO
RXTORESQ;RX Tornozelo Esquerdo;Raio-X;40804089;93,50;;24,53;;RX TORNOZELO ESQUERDO
RXTMORDE;RX Transito e Morfologia do Delgado;Raio-X;40806065;412,25;;67,66;Jejum absoluto de 8 a 10 horas, limpeza intestinal via oral (laxante). OBS: PACIENTES COM **MEGACOLON NÃO NECESSITAM DE LIMPEZA INTESTINAL.;RX TRANSITO E MORFOLOGIA DO DELGADO
RXURADUL;RX Uretrocistografia de Adulto;Raio-X;40807053;412,25;;75,27;Tomar banho antes de vir realizar o exame. Trazer exames anteriores. Chegar com 30 minutos de antecedência.;RX URETROCISTOGRAFIA DE ADULTO
RXURECRI;RX Uretrocistografia de Crianca - Ate 12 Anos;Raio-X;40807061;412,25;;75,27;;RX URETROCISTOGRAFIA DE CRIANCA - ATE 12 ANOS
RXURERET;RX Uretrocistografia Retrogada · Gerado Automaticamente;Raio-X;40807096;412,25;;75,27;Página 13.;RX URETROCISTOGRAFIA RETROGADA · Gerado automaticamente
RXUVPOSM;RX Urografia Venosa com Bexiga Pre e Pos-miccional;Raio-X;40807010;412,25;;75,27;Jejum de 8 horas Refeições leves no dia anterior ao exame Toma laxante DULCOLAX 1 comprimido as 8h e 1 comprimido as 16h no dia anterior ao exame Tomar 40 gotas de Luftal de 8/8 horas a partir das 8h da manha da vespera do exame Trazer pedido médico e exames anteriores.;RX UROGRAFIA VENOSA COM BEXIGA PRE E POS-MICCIONAL
RXZIGFAC;RX Zigomaticos - Face;Raio-X;40801101;93,50;;30,45;;RX ZIGOMATICOS - FACE
TCABDSUP;TC Abdome Superior;Tomografia;41001109;748,00;;135,31;TC COM CONTRASTE Lactantes deverão suspender a amamentação 48 horas após o uso do contraste endovenoso. (cid:127) Crianças menores de 1 (um) ano = Nao necessita jejum.. (cid:127) Crianças de 1 (um) a 4 (quatro) anos = jejum de 4 horas. (cid:127) Crianças maiores de 5 (cinco) anos = jejum de 8 horas. (cid:127) Adultos: jejum de 08 horas. Realizar refeições leves (evite derivados do leite, líquidos gaseificados, feijão, carnes de porco e carne vermelha, entre outros) no dia anterior. Bexiga parcialmente cheia. Chegar com 15 minutos de antecedência. Trazer exames anteriores. Página 42.;TC ABDOME SUPERIOR
TCABDTOT;TC Abdome Total;Tomografia;41001095;1.071,00;;225,29;TC COM CONTRASTE Lactantes deverão suspender a amamentação 48 horas após o uso do contraste endovenoso. (cid:127) Crianças menores de 1 (um) ano = Nao necessita jejum.. (cid:127) Crianças de 1 (um) a 4 (quatro) anos = jejum de 4 horas. (cid:127) Crianças maiores de 5 (cinco) anos = jejum de 8 horas. (cid:127) Adultos: jejum de 08 horas. Realizar refeições leves (evite derivados do leite, líquidos gaseificados, feijão, carnes de porco e carne vermelha, entre outros) no dia anterior. Bexiga parcialmente cheia. Chegar com 15 minutos de antecedência. Trazer exames anteriores.;TC ABDOME TOTAL
TCANBRAD;TC Antebraço Direito;Tomografia;;701,25;;;;TC ANTEBRACO DIREITO
TCANBRAE;TC Antebraço Esquerd;Tomografia;;701,25;;;;TC ANTEBRACO ESQUERD
TCAPAURI;TC Aparelho Urinario;Tomografia;;1.071,00;;;TC COM CONTRASTE Lactantes deverão suspender a amamentação 48 horas após o uso do contraste endovenoso. (cid:127) Crianças menores de 1 (um) ano = Nao necessita jejum.. (cid:127) Crianças de 1 (um) a 4 (quatro) anos = jejum de 4 horas. (cid:127) Crianças maiores de 5 (cinco) anos = jejum de 8 horas. (cid:127) Adultos: jejum de 08 horas. Realizar refeições leves (evite derivados do leite, líquidos gaseificados, feijão, carnes de porco e carne vermelha, entre outros) no dia anterior. Bexiga parcialmente cheia. Chegar com 15 minutos de antecedência. Trazer exames anteriores.;TC APARELHO URINARIO
TCARTICU;TC Articulação;Tomografia;41001141;701,25;;135,31;;TC ARTICULACAO
TCARTMBI;TC Articulacoes Temporomandibulares Bilateral;Tomografia;41001044;701,25;;135,31;SEM ADORNOS.;TC ARTICULACOES TEMPOROMANDIBULARES BILATERAL
TCBACIA;TC Bacia;Tomografia;41001117;748,00;;135,31;SEM ADORNOS.;TC BACIA
TCBRADIR;TC Braço Direito;Tomografia;;701,25;;;SEM ADORNOS.;TC BRACO DIREITO
TCBRAESQ;TC Braço Esquerdo;Tomografia;;701,25;;;SEM ADORNOS.;TC BRACO ESQUERDO
TCCOLCER;TC Coluna Cervical;Tomografia;;701,25;;;Sem adornos (percings), roupas adequadas (vestimenta do hospital). Trazer exames anteriores. Chegar com 15 minutos de antecedência.;TC COLUNA CERVICAL
TCCOLDOR;TC Coluna Dorsal;Tomografia;;701,25;;;;TC COLUNA DORSAL
TCCOLLOM;TC Coluna Lombar;Tomografia;;701,25;;;;TC COLUNA LOMBAR
TCCOLSEG;TC Coluna Segmento Adicional;Tomografia;41001133;157,25;;30,45;;TC COLUNA SEGMENTO ADICIONAL
TCCOTODI;TC Cotovelo Direito;Tomografia;41001141;701,25;;135,31;SEM ADORNOS.;TC COTOVELO DIREITO
TCCOTOES;TC Cotovelo Esquerdo;Tomografia;41001141;701,25;;135,31;SEM ADORNOS.;TC COTOVELO ESQUERDO
TCCOXADI;TC Coxa Direita · Gerado Automaticamente;Tomografia;;701,25;;;SEM ADORNOS Página 14.;TC COXA DIREITA · Gerado automaticamente
TCCOXAES;TC Coxa Esquerda;Tomografia;;701,25;;;SEM ADORNOS.;TC COXA ESQUERDA
TCCRSEOR;TC Crânio Ou Sela Turcica Ou Orbitas;Tomografia;41001010;701,25;;135,31;TC COM CONTRASTE Lactantes deverão suspender a amamentação 48 horas após o uso do contraste endovenoso. (cid:127) Crianças menores de 1 (um) ano = Nao necessita jejum.. (cid:127) Crianças de 1 (um) a 4 (quatro) anos = jejum de 4 horas. (cid:127) Crianças maiores de 5 (cinco) anos = jejum de 4 horas. (cid:127) Adultos: jejum de 04 horas. Chegar com 15 minutos de antecedência. Trazer exames anteriores.;TC CRANIO OU SELA TURCICA OU ORBITAS
TCFACSEI;TC Face Ou Seios da Face;Tomografia;41001036;701,25;;135,31;;TC FACE OU SEIOS DA FACE
TCJOEDIR;TC Joelho Direito;Tomografia;41001141;701,25;;135,31;;TC JOELHO DIREITO
TCJOEESQ;TC Joelho Esquerdo;Tomografia;41001141;701,25;;135,31;;TC JOELHO ESQUERDO
TCMANDIB;TC Mandibula;Tomografia;41001273;701,25;;135,31;;TC MANDIBULA
TCMAODIR;TC Mão Direita;Tomografia;;701,25;;;;TC MAO DIREITA
TCMAOESQ;TC Mão Esquerda;Tomografia;;701,25;;;;TC MAO ESQUERDA
TCMASTOI;TC Mastoide;Tomografia;41001028;701,25;;135,31;;TC MASTOIDE
TCOMBDIR;TC Ombro Direito;Tomografia;41001141;701,25;;135,31;;TC OMBRO DIREITO
TCOMBESQ;TC Ombro Esquerdo;Tomografia;41001141;701,25;;135,31;;TC OMBRO ESQUERDO
TCORBITA;TC Orbitas;Tomografia;;701,25;;;TC COM CONTRASTE Lactantes deverão suspender a amamentação 48 horas após o uso do contraste endovenoso. (cid:127) Crianças menores de 1 (um) ano = Nao necessita jejum.. (cid:127) Crianças de 1 (um) a 4 (quatro) anos = jejum de 4 horas. (cid:127) Crianças maiores de 5 (cinco) anos = jejum de 4 horas. (cid:127) Adultos: jejum de 04 horas. Chegar com 15 minutos de antecedência. Trazer exames anteriores.;TC ORBITAS
TCPEDIRE;TC Pé Direito;Tomografia;;701,25;;;;TC PE DIREITO
TCPEESQU;TC Pé Esquerdo;Tomografia;;701,25;;;;TC PE ESQUERDO
TCPELVE;TC Pelve;Tomografia;41001117;748,00;;135,31;TC COM CONTRASTE: Lactantes não amamentar por 48h apos o exame. (cid:127) Crianças menores de 1 (um) ano = Nao necessita jejum.. (cid:127) Crianças de 1 (um) a 4 (quatro) anos = jejum de 4 horas. (cid:127) Crianças maiores de 5 (cinco) anos = jejum de 8 horas. (cid:127) Adultos: jejum de 08 horas. Realizar refeições leves no dia anterior (evite derivados do leite, líquidos gaseificados, feijão, carnes de porco e carne vermelha, entre outros). Bexiga parcialmente cheia. Chegar com 15 minutos de antecedência. Trazer exames anteriores. Página 43.;TC PELVE
TCPERNAD;TC Perna Direita;Tomografia;;701,25;;;SEM ADORNOS.;TC PERNA DIREITA
TCPERNAE;TC Perna Esquerda;Tomografia;;701,25;;;SEM ADORNOS.;TC PERNA ESQUERDA
TCPESCOC;TC Pescoço;Tomografia;41001060;701,25;;135,31;TC COM CONTRASTE: Lactantes não amamentar por 48h apos o exame. (cid:127) Crianças menores de 1 (um) ano = Nao necessita jejum.. (cid:127) Crianças de 1 (um) a 4 (quatro) anos = jejum de 4 horas. (cid:127) Crianças maiores de 5 (cinco) anos = jejum de 8 horas. (cid:127) Adultos: jejum de 08 horas. Realizar refeições leves no dia anterior (evite derivados do leite, líquidos gaseificados, feijão, carnes de porco e carne vermelha, entre outros). Bexiga parcialmente cheia. Chegar com 15 minutos de antecedência. Trazer exames anteriores.;TC PESCOCO
TCPUNDIR;TC Punho Direito;Tomografia;41001141;701,25;;135,31;SEM ADORNOS.;TC PUNHO DIREITO
TCPUNESQ;TC Punho Esquerdo;Tomografia;41001141;701,25;;135,31;SEM ADORNOS.;TC PUNHO ESQUERDO
TCQUADIR;TC Quadril Direito · Gerado Automaticamente;Tomografia;41001141;701,25;;135,31;Página 15.;TC QUADRIL DIREITO · Gerado automaticamente
TCQUAESQ;TC Quadril Esquerdo;Tomografia;41001141;701,25;;135,31;;TC QUADRIL ESQUERDO
TCSACROC;TC Sacro Coccix;Tomografia;41001125;701,25;;135,31;;TC SACRO COCCIX
TCSACRDI;TC Sacroilíacas Direita;Tomografia;41101141;701,25;;;;TC SACROILIACAS DIREITA
TCSACREQ;TC Sacroilíacas Esquerda;Tomografia;41101141;701,25;;;;TC SACROILIACAS ESQUERDA
TCSEGAPE;TC Segmentos Apendiculares;Tomografia;41001150;701,25;;135,31;;TC SEGMENTOS APENDICULARES
TCSELTUR;TC Sela Turcica;Tomografia;;701,25;;;TC COM CONTRASTE: Lactantes não amamentar por 48h apos o exame. (cid:127) Crianças menores de 1 (um) ano = Nao necessita jejum.. (cid:127) Crianças de 1 (um) a 4 (quatro) anos = jejum de 4 horas. (cid:127) Crianças maiores de 5 (cinco) anos = jejum de 8 horas. (cid:127) Adultos: jejum de 08 horas. Realizar refeições leves no dia anterior (evite derivados do leite, líquidos gaseificados, feijão, carnes de porco e carne vermelha, entre outros). Bexiga parcialmente cheia. Chegar com 15 minutos de antecedência. Trazer exames anteriores.;TC SELA TURCICA
TCTORAX;TC Tórax;Tomografia;41001079;688,50;;135,31;Trazer exames anteriores e chegar com 15 minutos de antecedência.;TC TORAX
TCTORDIR;TC Tornozelo Direito;Tomografia;41001141;701,25;;135,31;SEM ADORNOS.;TC TORNOZELO DIREITO
TCTORESQ;TC Tornozelo Esquerdo;Tomografia;41001141;701,25;;135,31;SEM ADORNOS.;TC TORNOZELO ESQUERDO
TCUMEROD;TC Umero Direito;Tomografia;;701,25;;;;TC UMERO DIREITO
TCUMEROE;TC Umero Esquerdo;Tomografia;;701,25;;;;TC UMERO ESQUERDO
TCVIUROT;TC Vias Urinárias (urotomografia);Tomografia;41001095;1.070,00;;225,29;TC COM O MEIO DE CONTRASTE Lactantes deverão suspender a amamentação 48 horas após o uso do contraste endovenoso. TC COM SEDACAO Crianças jejum de 4 horas A partir de 1 ano de 6 a 8 horas Adultos 8 horas de jejum jejum de 12 horas. Sem adornos como: brincos, presilhas. Cabelo seco sem uso de gel ou creme Trazer exames anteriores e chegar com 15 minutos de antecedência.;TC VIAS URINARIAS (UROTOMOGRAFIA)
TODIGMAM;Tomossíntese Digital de Mama;Tomossíntese;;475,00;;;;TOMOSSINTESE DIGITAL DE MAMA
URORESSO;Uroressonancia;Ressonância;;909,50;;;Jejum 8 horas Trazer exames anteriores, se tiver. Chegar com 30 minutos de antecedência. Sem adorno, sem tatuagem recente 30 dias, Sem cabelo úmido. Caso tenha marca-passo ou algum dispositivo metálico, necessário ser informado anteriormente.;URORESSONANCIA
USABINFE;US Abdome Inferior Feminino;Ultrassom;40901181;153,00;;46,51;Dieta leve no dia anterior (sopa de legumes, chá com bolacha água e sal), devendo evitar refrigerante, água com gás, sucos, leite e derivados, pão, macarrão, ovo, doces e alimentos gordurosos. Bexiga parcialmente cheia. Trazer exames anteriores, se possível. Chegar com 15 minutos de antecedência.;US ABDOME INFERIOR FEMININO
USABINFM;US Abdome Inferior Masculino;Ultrassom;40901173;153,00;;63,43;Dieta leve no dia anterior (sopa de legumes, chá com bolacha água e sal), devendo evitar refrigerante, água com gás, sucos, leite e derivados, pão, macarrão, ovo, doces e alimentos gordurosos. Bexiga parcialmente cheia. Trazer exames anteriores, se possível. Chegar com 15 minutos de antecedência.;US ABDOME INFERIOR MASCULINO
USABDSUP;US Abdome Superior · Gerado Automaticamente;Ultrassom;40901130;153,00;;93,03;Jejum de 08 horas, e se possível trazer exames comparativos anteriores. Chegar com 15 minutos de antecedência. Página 16.;US ABDOME SUPERIOR · Gerado automaticamente
USABDTOT;US Abdome Total;Ultrassom;40901122;221,00;;148,00;US ABDOME TOTAL: (cid:127) Crianças menores de 1 (um) ano = jejum de 3 horas. (cid:127) Crianças de 1 (um) a 4 (quatro) anos = jejum de 4 horas. (cid:127) Crianças maiores de 5 (cinco) anos = jejum de 8 horas. (cid:127) Adultos: jejum de 08 horas. Realizar refeições leves (evite derivados do leite, líquidos gaseificados, feijão, carnes de porco e carne vermelha, entre outros). Bexiga parcialmente cheia. Chegar com 15 minutos de antecedência. Trazer exames anteriores.;US ABDOME TOTAL
USANBRAD;US Antebraço Direito;Ultrassom;;153,00;;;;US ANTEBRACO DIREITO
USANBRAE;US Antebraço Esquerdo;Ultrassom;;153,00;;;;US ANTEBRACO ESQUERDO
USAPURFE;US Aparelho Urinario Feminino;Ultrassom;40901769;153,00;;93,03;Vir com a bexiga cheia. Trazer exames anteriores. Chegar com 15 minutos de antecedência. Página 44.;US APARELHO URINARIO FEMININO
USAPURMA;US Aparelho Urinario Masculino;Ultrassom;40901769;153,00;;93,03;Vir com a bexiga cheia. Trazer exames anteriores. Chegar com 15 minutos de antecedência.;US APARELHO URINARIO MASCULINO
USARCCOS;US Arcos Costais;Ultrassom;;153,00;;;;US ARCOS COSTAIS
USARTICU;US Articular (por Articulacao);Ultrassom;40901220;153,00;;76,11;;US ARTICULAR (POR ARTICULACAO)
USAXIDIR;US Axila Direita;Ultrassom;;153,00;;;;US AXILA DIREITA
USAXIESQ;US Axila Esquerda;Ultrassom;;153,00;;;;US AXILA ESQUERDA
USBOSESC;US Bolsa Escrotal;Ultrassom;;153,00;;;;US BOLSA ESCROTAL
USBRADIR;US Braço Direito;Ultrassom;;153,00;;;;US BRACO DIREITO
USBRAESQ;US Braço Esquerdo;Ultrassom;;153,00;;;;US BRACO ESQUERDO
USCALCAD;US Calcâneo Direito;Ultrassom;;153,00;;;;US CALCANEO DIREITO
USCALCAE;US Calcâneo Esquerdo;Ultrassom;;153,00;;;;US CALCANEO ESQUERDO
USCAVTOR;US Cavidade Torácica;Ultrassom;;153,00;;;;US CAVIDADE TORACICA
USCERVIC;US Cervical;Ultrassom;;153,00;;;;US CERVICAL
USCLADIR;US Clavicula Direita;Ultrassom;;153,00;;;;US CLAVICULA DIREITA
USCLAESQ;US Clavicula Esquerda;Ultrassom;;153,00;;;;US CLAVICULA ESQUERDA
USCOTDIR;US Cotovelo Direito;Ultrassom;40901220;153,00;;76,11;;US COTOVELO DIREITO
USCTOESQ;US Cotovelo Esquerdo;Ultrassom;40901220;153,00;;76,11;;US COTOVELO ESQUERDO
USCOXDIR;US Coxa Direita;Ultrassom;;153,00;;;;US COXA DIREITA
USCOXESQ;US Coxa Esquerda;Ultrassom;;153,00;;;;US COXA ESQUERDA
USCXFEDI;US Coxo Femural Direita;Ultrassom;;153,00;;;;US COXO FEMURAL DIREITA
USCXFEES;US Coxo Femural Esquerda;Ultrassom;;153,00;;;;US COXO FEMURAL ESQUERDA
USDEPSUB;US Dermatologico - Pele e Subcutaneo;Ultrassom;40901190;153,00;;50,67;;US DERMATOLOGICO - PELE E SUBCUTANEO
USESSUPE;US Estruturas Superficiais (cervical Ou Axilas Ou Musculo;Ultrassom;40901211;153,00;;76,11;Sem preparo, trazer exames anteriores se possível.;US ESTRUTURAS SUPERFICIAIS (CERVICAL OU AXILAS OU MUSCULO
USGLASAL;US Glândulas Salivares;Ultrassom;40901033;153,00;;76,11;;US GLANDULAS SALIVARES
USGLUDIR;US Gluteo Direito;Ultrassom;;153,00;;;;US GLUTEO DIREITO
USGLUESQ;US Gluteo Esquerdo;Ultrassom;;153,00;;;;US GLUTEO ESQUERDO
USJOEDIR;US Joelho Direito;Ultrassom;40901220;153,00;;76,11;;US JOELHO DIREITO
USJOEESQ;US Joelho Esquerdo;Ultrassom;40901220;153,00;;76,11;;US JOELHO ESQUERDO
USMAMAS;US Mamas;Ultrassom;40901114;153,00;;76,11;Se tiver mais de 40 anos, trazer o exame de mamografia anterior ou realizar no mesmo dia. Chegar com 15 minutos de antecedência.;US MAMAS
USMANDIB;US Mandibula · Gerado Automaticamente;Ultrassom;;153,00;;;Página 17.;US MANDIBULA · Gerado automaticamente
USMAODIR;US Mão Direita;Ultrassom;;153,00;;;;US MAO DIREITA
USMAOESQ;US Mão Esquerda;Ultrassom;;153,00;;;;US MAO ESQUERDA
USOBSTET;US Obstétrica;Ultrassom;40901238;153,00;;59,20;Bexiga vazia, carteirinha da gestante.;US OBSTETRICA
USOPTEND;US Obstétrica 1 Trimestre - Endovaginal;Ultrassom;40901297;161,50;;209,31;Bexiga vazia, carteirinha da gestante.;US OBSTETRICA 1 TRIMESTRE - ENDOVAGINAL
USOBCDOP;US Obstétrica com Doppler;Ultrassom;40901246;272,00;;126,86;Bexiga vazia, carteirinha da gestante.;US OBSTETRICA COM DOPPLER
USOBTRNU;US Obstétrica com Translucencia Nucal;Ultrassom;40901254;157,25;;144,57;Bexiga vazia, carteirinha da gestante.;US OBSTETRICA COM TRANSLUCENCIA NUCAL
USMORSRI;US Obstétrica Morfologica 2 Trimestre;Ultrassom;40901262;374,00;;148,00;Bexiga vazia, carteirinha da gestante.;US OBSTETRICA MORFOLOGICA 2 TRIMESTRE
USOBMODO;US Obstétrica Morfologica com Doppler;Ultrassom;;374,00;;;Bexiga vazia, carteirinha da gestante.;US OBSTETRICA MORFOLOGICA COM DOPPLER
USMORPRI;US Obstétrica Morfologicoa 1 Trimestre;Ultrassom;40901262;374,00;;148,00;Bexiga vazia, carteirinha da gestante.;US OBSTETRICA MORFOLOGICOA 1 TRIMESTRE
USPERBIF;US Obstétrica Perfil Biofasico Fetal;Ultrassom;40901505;272,00;;141,23;***************************AVISAR O MÉDICO QUANDO AGENDAR*************************** TRAZER EXAMES ANTERIORES, CARTEIRINHA DE GESTANTE, CHEGAR COM 15 minutos de antecedência.;US OBSTETRICA PERFIL BIOFASICO FETAL
USOBGEMF;US Obstétrico Gemelar - Cada Feto;Ultrassom;40901270;136,00;;59,20;Bexiga vazia, carteirinha da gestante.;US OBSTETRICO GEMELAR - CADA FETO
USOBGDOF;US Obstétrico Gemelar com Doppler - Cada Feto;Ultrassom;40901289;374,00;;56,83;Bexiga vazia, carteirinha da gestante.;US OBSTETRICO GEMELAR COM DOPPLER - CADA FETO
USOMBDIR;US Ombro Direito;Ultrassom;40901220;153,00;;76,11;;US OMBRO DIREITO
USOMBESQ;US Ombro Esquerdo;Ultrassom;40901220;153,00;;76,11;;US OMBRO ESQUERDO
USPANDIR;US Panturrilha Direita;Ultrassom;;153,00;;;;US PANTURRILHA DIREITA
USPANESQ;US Panturrilhar Esquerda;Ultrassom;;153,00;;;;US PANTURRILHAR ESQUERDA
USPARABD;US Parede Abdominal;Ultrassom;40901211;153,00;;76,11;;US PAREDE ABDOMINAL
USPARMOL;US Partes Moles;Ultrassom;;153,00;;;;US PARTES MOLES
USPATDIR;US Patela Direita;Ultrassom;;153,00;;;;US PATELA DIREITA
USPATESQ;US Patela Esquerda;Ultrassom;;153,00;;;;US PATELA ESQUERDA
USPEDIRE;US Pé Direito;Ultrassom;;153,00;;;;US PE DIREITO
USPEESQU;US Pé Esquerdo;Ultrassom;;153,00;;;;US PE ESQUERDO
USPERIAN;US Perianal;Ultrassom;;153,00;;;;US PERIANAL
USPERDIR;US Perna Direita;Ultrassom;;153,00;;;;US PERNA DIREITA
USPERESQ;US Perna Esquerda;Ultrassom;;153,00;;;;US PERNA ESQUERDA
USPESCOC;US Pescoço;Ultrassom;;153,00;;;;US PESCOCO
USPOPDIR;US Popliteo Direito;Ultrassom;;153,00;;;;US POPLITEO DIREITO
USPOPESQ;US Popliteo Esquerdo;Ultrassom;;153,00;;;;US POPLITEO ESQUERDO
USPROTRA;US Próstata Transretal;Ultrassom;40901335;178,50;;126,86;Dieta leve no dia anterior (sopa de legumes, chá com bolacha água e sal), devendo evitar refrigerante, água com gás, sucos, leite e derivados, pão, macarrão, ovo, doces e alimentos gordurosos. Bexiga cheia, trazer exames anteriores se possível.;US PROSTATA TRANSRETAL
USPROABD;US Próstata Via Abdominal;Ultrassom;40901750;153,00;;63,43;Dieta leve no dia anterior (sopa de legumes, chá com bolacha água e sal), devendo evitar refrigerante, água com gás, sucos, leite e derivados, pão, macarrão, ovo, doces e alimentos gordurosos. Bexiga cheia, trazer exames anteriores se possível.;US PROSTATA VIA ABDOMINAL
USPUNDIR;US Punho Direito · Gerado Automaticamente;Ultrassom;40901220;153,00;;76,11;Página 18.;US PUNHO DIREITO · Gerado automaticamente
USPUNESQ;US Punho Esquerdo;Ultrassom;40901220;153,00;;76,11;Página 24.;US PUNHO ESQUERDO
USQUADIR;US Quadril Direito;Ultrassom;40901220;153,00;;76,11;;US QUADRIL DIREITO
USQUAESQ;US Quadril Esquerdo;Ultrassom;40901220;153,00;;76,11;;US QUADRIL ESQUERDO
USREINDI;US Região Inguinal Direita;Ultrassom;;153,00;;;;US REGIAO INGUINAL DIREITA
USREINES;US Região Inguinal Esquerda;Ultrassom;;153,00;;;;US REGIAO INGUINAL ESQUERDA
USREGSAC;US Região Sacral;Ultrassom;;153,00;;;;US REGIAO SACRAL
USRESUMB;US Região Supra Umbilical;Ultrassom;;153,00;;;;US REGIAO SUPRA UMBILICAL
USRETDIR;US Retroauricular Direito;Ultrassom;;153,00;;;;US RETROAURICULAR DIREITO
USRETESQ;US Retroauricular Esquerdo;Ultrassom;;153,00;;;;US RETROAURICULAR ESQUERDO
USRETROP;US Retroperitonio;Ultrassom;40901149;153,00;;105,71;Página 45.;US RETROPERITONIO
USSUPPUB;US Supra Pubico;Ultrassom;;153,00;;;;US SUPRA PUBICO
USTENAQI;US Tendao Aquiles Esquerdo;Ultrassom;;153,00;;;;US TENDAO AQUILES ESQUERDO
USTENAQU;US Tendao de Aquiles Direito;Ultrassom;;153,00;;;;US TENDAO DE AQUILES DIREITO
USTIREOD;US Tireoide;Ultrassom;;153,00;;;;US TIREOIDE
USTORAX;US Tórax;Ultrassom;;153,00;;;;US TORAX
USTORDIR;US Tornozelo Direito;Ultrassom;40901220;153,00;;76,11;;US TORNOZELO DIREITO
USTORESQ;US Tornozelo Esquerdo;Ultrassom;40901220;153,00;;76,11;;US TORNOZELO ESQUERDO
USTRANSV;US Transvaginal;Ultrassom;40901300;153,00;;84,57;Bexiga vazia, trazer exames anteriores se possível.;US TRANSVAGINAL
USTRCOLO;US Transvaginal Para Analise de Colo de Utero;Ultrassom;40901300;153,00;;84,57;;US TRANSVAGINAL PARA ANALISE DE COLO DE UTERO
USACREBA;Usg 3d/4d - Acrescentar Exame Base;Ultrassom;;335,75;;;;USG 3D/4D - ACRESCENTAR EXAME BASE
USORGSUP;Usg Órgãos Superficiais (tireoide Ou Escroto Ou Penis · Gerado Automaticamente;Ultrassom;40901203;153,00;;76,11;Sem preparo, trazer exames anteriores. Chegar com 15 minutos de antecedência. Página 19.;USG ORGAOS SUPERFICIAIS (TIREOIDE OU ESCROTO OU PENIS · Gerado automaticamente
ANTCCORO;Angiotomografia Coronariana;Tomografia;41001230;;;135,31;"ORIENTAÇÕES ANGIOTOMOGRAFIA DAS ARTÉRIAS CORONÁRIAS 1 - Chegar de 30 minutos antes do horário agendado; 2 - Não recomendamos jejum antes da realização do exame. Orientamos ingestão branda de alimentos, de preferência, frutas e líquidos. Evite refeição copiosa, de grande volume. 3 - Mantenha suas medicações de uso contínuo com as tomadas nos mesmos horários (se possível, nos envie foto da sua receita médica); 4 - Traga exames cardiológicos realizados recentemente (ecocardiografia, cateterismo cardíaco, cintilografia, teste ergométrico, entre outros). 5 - Se você já realizou cirurgia cardíaca (troca valvar, ponte de safena, entre outras) traga, se possível, a descrição cirúrgica. 6 - Se você tem alguma doença renal já sabida, rim único ou mais de 75 anos: Traga exame recente de CREATININA (exame de sangue). Obs.: Não ingerir medicamentos contra disfunção erétil (Viagra, Cialis, Levitra, Tada diário, por exemplo) 48 horas antes do exame; Se você for alérgico a contraste iodado, favor comunicar nossa equipe. Poderá ser necessário o uso de medicações antialérgicas antes do procedimento.";ANGIOTOMOGRAFIA CORONARIANA
TCCOLCDL;TC Coluna Cervical - Ate 3 Segmentos;Tomografia;41001125;;;135,31;SEM ADORNOS.;TC COLUNA CERVICAL - ATE 3 SEGMENTOS
TCCOLDC;TC Coluna Lombar - Ate 3 Segmentos;Tomografia;41001125;;;135,31;SEM ADORNOS.;TC COLUNA LOMBAR - ATE 3 SEGMENTOS
ANESTRM;Anestesia Para RM;Outros;31602282;;;312,91;;ANESTESIA PARA RM
ANESTTC;Anestesia Para TC;Outros;31602274;;;211,43;;ANESTESIA PARA TC
ANRMARAB;Angiorressonância Arterial Abdome Superior;Ressonância;41101510;;;135,31;Jejum de 4 horas. Trazer exames anteriores, se tiver. Chegar com 30 minutos de antecedência. Sem adorno, sem tatuagem recente 30 dias, Sem cabelo úmido. Caso tenha marca-passo ou algum dispositivo metálico, necessário ser informado anteriormente.;ANGIORESSONANCIA ARTERIAL ABDOME SUPERIOR
ANRMAPUL;Angiorressonância Arterial Pulmonar;Ressonância;41101499;;;135,31;Jejum de 4 horas. Trazer exames anteriores, se tiver. Chegar com 30 minutos de antecedência. Sem adorno, sem tatuagem recente 30 dias, Sem cabelo úmido. Caso tenha marca-passo ou algum dispositivo metálico, necessário ser informado anteriormente.;ANGIORESSONANCIA ARTERIAL PULMONAR
ANRMARVE;Angiorressonância Venosa Abdome Superior;Ressonância;41101529;;;135,31;Jejum de 4 horas. Trazer exames anteriores, se tiver. Chegar com 30 minutos de antecedência. Sem adorno, sem tatuagem recente 30 dias, Sem cabelo úmido. Caso tenha marca-passo ou algum dispositivo metálico, necessário ser informado anteriormente.;ANGIORESSONANCIA VENOSA ABDOME SUPERIOR
ANRMVPUL;Angiorressonância Venosa Pulmonar;Ressonância;41101502;;;135,31;Jejum de 4 horas. Trazer exames anteriores, se tiver. Chegar com 30 minutos de antecedência. Sem adorno, sem tatuagem recente 30 dias, Sem cabelo úmido. Caso tenha marca-passo ou algum dispositivo metálico, necessário ser informado anteriormente.;ANGIORESSONANCIA VENOSA PULMONAR
ANTCAABS;Angiotomografia Arterial Abdome Superior;Tomografia;41001435;;;153,61;Jejum de 4horas Trazer exames anteriores e pedido médico.;ANGIOTOMOGRAFIA ARTERIAL ABDOME SUPERIOR
ANTCVEPU;Angiotomografia Venosa Pulmonar;Tomografia;41001524;;;153,61;Jejum de 4 horas Trazer exames anteriores e pedido médico.;ANGIOTOMOGRAFIA VENOSA PULMONAR
ARRMOMD;Artroressonancia Ombro Direito;Ressonância;41102010;;;225,29;;ARTRORESSONANCIA OMBRO DIREITO
ARRMOME;Artroressonancia Ombro Esquerdo;Ressonância;41102010;;;225,29;;ARTRORESSONANCIA OMBRO ESQUERDO
ARTCOMBD;Artrotomgrafia Ombro Direito;Outros;41002059;;;135,31;;ARTROTOMGRAFIA OMBRO DIREITO
ARTCOMBE;Artrotomgrafia Ombro Esquerdo;Outros;41002059;;;135,31;;ARTROTOMGRAFIA OMBRO ESQUERDO
COREBIOP;Core Biopsy (adicionar Exame de Base) - Ate Dois Nodulos;Outros;40808262;;;363,64;;CORE BIOPSY (ADICIONAR EXAME DE BASE) - ATE DOIS NODULOS
DOPTRANC;Doppler Colorido Transcraniano;Ultrassom;40901602;;;119,07;;DOPPLER COLORIDO TRANSCRANIANO
MAMOESPC;Mamografia Digital Especialista;Mamografia;40808041;;;72,53;Não usarem nenhum cosmético (desodorante, creme, talco, oleo etc) nas mamas e axilas no dia do exame. Caso a paciente tenha agendado ultrassonografia de mamas, deve se realizar primeiro a mamografia. Em caso de pacientes lactantes (Que estao amamentando), deve se realizar a ordenha antes de vir realizar o exame. Certificar que a paciente nao realizou cirurgia de mama nos ultimos 12 meses. Caso tenha feito o exame for de rotina aguardar esse periodo para agendamento. Em caso de paciente sintomaticos, a mesma deve trazer um termo de responsabilidade medica para que o exame seja realizado. Trazer exames anteriores (caso tenha).;MAMOGRAFIA DIGITAL ESPECIALISTA
PCTANGCO;Pacote Angiotomografia Coronariana;Tomografia;98030909;;;912,81;;PACOTE ANGIOTOMOGRAFIA CORONARIANA
PUNBIGUS;Puncao Biopsia Guiada por Ultrassonografia;Ultrassom;40809161;;;147,20;;PUNCAO BIOPSIA GUIADA POR ULTRASSONOGRAFIA
PUBIORRM;Puncao Biopsia Orientada por Ressonância;Ressonância;40809188;;;147,20;;PUNCAO BIOPSIA ORIENTADA POR RESSONANCIA
PUARTORI;Puncao Orientada por Tomografia · Gerado Automaticamente;Tomografia;40809170;;;147,20;Página 29.;PUNCAO ORIENTADA POR TOMOGRAFIA · Gerado automaticamente
REPEEXTC;Repeticao de Exame de Tomografia;Tomografia;;;;;;REPETICAO DE EXAME DE TOMOGRAFIA
RMABSUES;RM Abdome Superior Especialista;Ressonância;41101170;;;135,31;Jejum de 8 horas. Trazer exames anteriores, se tiver. Chegar com 30 minutos de antecedência. Sem adorno, sem tatuagem recente 30 dias, Sem cabelo úmido. Caso tenha marca-passo ou algum dispositivo metálico, necessário ser informado anteriormente.;RM ABDOME SUPERIOR ESPECIALISTA
RMANTESP;RM Antebraço Especialista;Ressonância;41101251;;;135,31;Trazer exames anteriores, se tiver. Chegar com 30 minutos de antecedência. Sem adorno, sem tatuagem recente 30 dias, Sem cabelo úmido. Caso tenha marca-passo ou algum dispositivo metálico, necessário ser informado anteriormente.;RM ANTEBRACO ESPECIALISTA
RMANEESP;RM Antebraço Esquerdo Especialista;Ressonância;41101251;;;135,31;Trazer exames anteriores, se tiver. Chegar com 30 minutos de antecedência. Sem adorno, sem tatuagem recente 30 dias, Sem cabelo úmido. Caso tenha marca-passo ou algum dispositivo metálico, necessário ser informado anteriormente.;RM ANTEBRACO ESQUERDO ESPECIALISTA
RMBACESO;RM Bacia Especialista;Ressonância;41101278;;;135,31;Trazer exames anteriores, se tiver. Chegar com 30 minutos de antecedência. Sem adorno, sem tatuagem recente 30 dias, Sem cabelo úmido. Caso tenha marca-passo ou algum dispositivo metálico, necessário ser informado anteriormente.;RM BACIA ESPECIALISTA
RMBRADES;RM Braço Direito Especialista;Ressonância;41101251;;;135,31;Trazer exames anteriores, se tiver. Chegar com 30 minutos de antecedência. Sem adorno, sem tatuagem recente 30 dias, Sem cabelo úmido. Caso tenha marca-passo ou algum dispositivo metálico, necessário ser informado anteriormente.;RM BRACO DIREITO ESPECIALISTA
RMBRAEES;RM Braço Esquerdo Especialista;Ressonância;41101251;;;135,31;Trazer exames anteriores, se tiver. Chegar com 30 minutos de antecedência. Sem adorno, sem tatuagem recente 30 dias, Sem cabelo úmido. Caso tenha marca-passo ou algum dispositivo metálico, necessário ser informado anteriormente.;RM BRACO ESQUERDO ESPECIALISTA
RMCOCEES;RM Coluna Cervical Especialista;Ressonância;41101227;;;135,31;Trazer exames anteriores, se tiver. Chegar com 30 minutos de antecedência. Sem adorno, sem tatuagem recente 30 dias, Sem cabelo úmido. Caso tenha marca-passo ou algum dispositivo metálico, necessário ser informado anteriormente.;RM COLUNA CERVICAL ESPECIALISTA
RMCODESP;RM Coluna Dorsal Especialista;Ressonância;41101227;;;135,31;Trazer exames anteriores, se tiver. Chegar com 30 minutos de antecedência. Sem adorno, sem tatuagem recente 30 dias, Sem cabelo úmido. Caso tenha marca-passo ou algum dispositivo metálico, necessário ser informado anteriormente.;RM COLUNA DORSAL ESPECIALISTA
RMCOLLES;RM Coluna Lombar Especialista · Gerado Automaticamente;Ressonância;41101227;;;135,31;Trazer exames anteriores, se tiver. Chegar com 30 minutos de antecedência. Sem adorno, sem tatuagem recente 30 dias, Sem cabelo úmido. Caso tenha marca-passo ou algum dispositivo metálico, necessário ser informado anteriormente. Página 31.;RM COLUNA LOMBAR ESPECIALISTA · Gerado automaticamente
RMCOMFUN;RM Coração Morfologico e Funcional · Gerado Automaticamente;Ressonância;41101138;;;169,14;"Ao e necessário jejum Suspender 48 antes do exame alimentos que contenham xantina e cafeina, chimarrao ,cafe, cafe descafeinado, cha, bebida alcoolica, refrigerante e chocolate Suspender 48 antes do exame medicamentos Aminofilina, Teofilina, Bamifix, Antigripais,Relaxante musculares e analgesicos Trazer resultados de exame laboratorial de Creatinina recente (Ate 90 dias) para portadores de diabetes, hipertensao, doença renal e/ou maiores de 60. Falta desses exames pode ocasionar suspensao do exame Sem adornos, Cabelo nao úmido. Dispositivos e implantes metalicos necessário aviso previo. Evitar o uso de joias (aliança, relógio, piercing, brinco, etc.). Suspender 48h antes os seguintes medicamentos para asma/ enfisema pulmonar: Aminofilina, teofilina, bamifix. Trazer exames anteriores referente ao coração (cirurgia, cateterismo, etc.) 24 horas antes do exame fazer uma dieta sem xantina e cafeína (chá, café, café descafeinado, bebida alcoólica, refrigerante, chocolate e chimarrão), medicamentos que contenham cafeína como: antigripais, relaxantes musculares e analgésicos. É obrigatório a presença de um acompanhante para pacientes com idade inferior a 18 anos e superior a 65 anos. Trazer resultado de exame laboratorial de creatinina recente (até 90 dias), para portadores de diabetes, hipertensão, doença renal e/ou maiores de 60 anos. A falta do resultado da creatinina, nas condições acima mencionadas, poderá ocasionar a suspensão do exame. Caso tenha realizado tatuagem ou maquiagem definitiva nos últimos 15 dias não poderá realizar o exame. ***************** *********CONTRAINDICAÇÕES********************* ***** (cid:127) Peso de 180kg para Ressonância em Sumaré; 150kg em Jundiaí; 150kg em Indaiatuba e Hortolândia e em Campinas até 200kg RM 3Tesla demais até 150kg. (cid:127) Circunferência torácica e abdominal acima de 160cm (cid:127) Expansores mamários dos tipos MCGHAN ou INFALL (cid:127) Próteses Penianas dos tipos DURAPHASE e OMNIPHASE (cid:127) Marca-passo cardíaco (cid:127) HOLTER (cid:127) Desfibrilador implantável (cid:127) Aparelhos Auditivos não removíveis (cid:127) Implante (Prótese) Coclear/Otológicos (cid:127) Clips de Aneurisma Cerebral Ferromagnético colocados antes de 1995 (cid:127) Cápsula endoscópica (cid:127) Bombas de infusão (Inclusive implantáveis) (cid:127) Cateter de SWAN-GANZ e outros com eletrodos (cid:127) Clamp Carotídeo do tipo POPEN-BLAYLOCK (cid:127) Fixadores ortopédicos externos não removíveis (cid:127) Monitor de PIC (Pressão Intracraniana) (cid:127) Neuro-estimulador (cid:127) Halos Cranianos ******* ATENÇÃO ******* (cid:127) TATUAGEM OU MAQUIAGEM DEFINITIVA: Pacientes com tatuagem ou maquiagem definitiva podem realizar o exame somente após 15 dias de pigmentação. (cid:127) CÍLIOS POSTIÇOS: Necessário retirar cílios postiços magnéticos (cola/imã). (cid:127) LACTANTES: Suspender a amamentação 24 horas caso realize Ressonância Magnética com a necessidade de contraste venoso. (cid:127) GESTANTES: Confirmar com seu médico a possibilidade de realizar o exame de Ressonância Magnética. Contraindicado no primeiro trimestre de gestação. (cid:127) PRÓTESES MAMÁRIAS: Mulheres com Próteses precisam aguardar 15 dias após a cirurgia para realizar Ressonância Magnética. (cid:127) PRÓTESES ORTOPÉDICAS: Pacientes com próteses ortopédicas, placas, parafusos, pinos é necessário aguardar 15 dias após a cirurgia. (cid:127) PRÓTESES PENIANAS: Homens com próteses penianas precisam aguardar 15 dias após a cirurgia para realizar Ressonância Magnética. NOS DEMAIS CASOS, ENTRAR EM CONTATO PARA VERIFICAR A PERMISSÃO. Página 32.";RM CORACAO MORFOLOGICO E FUNCIONAL · Gerado automaticamente
RMCOMFU;RM Coração Morfologico e Funcional + Perfusao + Estresse · Gerado Automaticamente;Ressonância;41101146;;;135,18;Ao e necessário jejum Suspender 48 antes do exame alimentos que contenham xantina e cafeina, chimarrao ,cafe, cafe descafeinado, cha, bebida alcoolica, refrigerante e chocolate Suspender 48 antes do exame medicamentos Aminofilina, Teofilina, Bamifix, Antigripais,Relaxante musculares e analgesicos Trazer resultados de exame laboratorial de Creatinina recente (Ate 90 dias) para portadores de diabetes, hipertensao, doença renal e/ou maiores de 60. Falta desses exames pode ocasionar suspensao do exame Sem adornos, Cabelo nao úmido. Dispositivos e implantes metalicos necessário aviso previo. Página 33.;RM CORACAO MORFOLOGICO E FUNCIONAL + PERFUSAO + ESTRESSE · Gerado automaticamente
RMCOVIAP;RM Coração Morfologico e Funcional + Perfusao + Viabilid · Gerado Automaticamente;Ressonância;41101154;;;169,14;"Ao e necessário jejum Suspender 48 antes do exame alimentos que contenham xantina e cafeina, chimarrao ,cafe, cafe descafeinado, cha, bebida alcoolica, refrigerante e chocolate Suspender 48 antes do exame medicamentos Aminofilina, Teofilina, Bamifix, Antigripais,Relaxante musculares e analgesicos Trazer resultados de exame laboratorial de Creatinina recente (Ate 90 dias) para portadores de diabetes, hipertensao, doença renal e/ou maiores de 60. Falta desses exames pode ocasionar suspensao do exame Sem adornos, Cabelo nao úmido. Dispositivos e implantes metalicos necessário aviso previo. Evitar o uso de joias (aliança, relógio, piercing, brinco, etc.). Suspender 48h antes os seguintes medicamentos para asma/ enfisema pulmonar: Aminofilina, teofilina, bamifix. Trazer exames anteriores referente ao coração (cirurgia, cateterismo, etc.) 24 horas antes do exame fazer uma dieta sem xantina e cafeína (chá, café, café descafeinado, bebida alcoólica, refrigerante, chocolate e chimarrão), medicamentos que contenham cafeína como: antigripais, relaxantes musculares e analgésicos. É obrigatório a presença de um acompanhante para pacientes com idade inferior a 18 anos e superior a 65 anos. Trazer resultado de exame laboratorial de creatinina recente (até 90 dias), para portadores de diabetes, hipertensão, doença renal e/ou maiores de 60 anos. A falta do resultado da creatinina, nas condições acima mencionadas, poderá ocasionar a suspensão do exame. Caso tenha realizado tatuagem ou maquiagem definitiva nos últimos 15 dias não poderá realizar o exame. ***************** *********CONTRAINDICAÇÕES********************* ***** (cid:127) Peso de 180kg para Ressonância em Sumaré; 150kg em Jundiaí; 150kg em Indaiatuba e Hortolândia e em Campinas até 200kg RM 3Tesla demais até 150kg. (cid:127) Circunferência torácica e abdominal acima de 160cm (cid:127) Expansores mamários dos tipos MCGHAN ou INFALL (cid:127) Próteses Penianas dos tipos DURAPHASE e OMNIPHASE (cid:127) Marca-passo cardíaco (cid:127) HOLTER (cid:127) Desfibrilador implantável (cid:127) Aparelhos Auditivos não removíveis (cid:127) Implante (Prótese) Coclear/Otológicos (cid:127) Clips de Aneurisma Cerebral Ferromagnético colocados antes de 1995 (cid:127) Cápsula endoscópica (cid:127) Bombas de infusão (Inclusive implantáveis) (cid:127) Cateter de SWAN-GANZ e outros com eletrodos (cid:127) Clamp Carotídeo do tipo POPEN-BLAYLOCK (cid:127) Fixadores ortopédicos externos não removíveis (cid:127) Monitor de PIC (Pressão Intracraniana) (cid:127) Neuro-estimulador (cid:127) Halos Cranianos ******* ATENÇÃO ******* (cid:127) TATUAGEM OU MAQUIAGEM DEFINITIVA: Pacientes com tatuagem ou maquiagem definitiva podem realizar o exame somente após 15 dias de pigmentação. (cid:127) CÍLIOS POSTIÇOS: Necessário retirar cílios postiços magnéticos (cola/imã). (cid:127) LACTANTES: Suspender a amamentação 24 horas caso realize Ressonância Magnética com a necessidade de contraste venoso. (cid:127) GESTANTES: Confirmar com seu médico a possibilidade de realizar o exame de Ressonância Magnética. Contraindicado no primeiro trimestre de gestação. (cid:127) PRÓTESES MAMÁRIAS: Mulheres com Próteses precisam aguardar 15 dias após a cirurgia para realizar Ressonância Magnética. (cid:127) PRÓTESES ORTOPÉDICAS: Pacientes com próteses ortopédicas, placas, parafusos, pinos é necessário aguardar 15 dias após a cirurgia. (cid:127) PRÓTESES PENIANAS: Homens com próteses penianas precisam aguardar 15 dias após a cirurgia para realizar Ressonância Magnética. NOS DEMAIS CASOS, ENTRAR EM CONTATO PARA VERIFICAR A PERMISSÃO. Página 34.";RM CORACAO MORFOLOGICO E FUNCIONAL + PERFUSAO + VIABILID · Gerado automaticamente
RMCOTDES;RM Cotovelo Direito Especialista;Ressonância;41101316;;;135,31;Trazer exames anteriores, se tiver. Chegar com 30 minutos de antecedência. Sem adorno, sem tatuagem recente 30 dias, Sem cabelo úmido. Caso tenha marca-passo ou algum dispositivo metálico, necessário ser informado anteriormente.;RM COTOVELO DIREITO ESPECIALISTA
RMCOTEES;RM Cotovelo Esquerdo Especialista;Ressonância;41101316;;;135,31;Trazer exames anteriores, se tiver. Chegar com 30 minutos de antecedência. Sem adorno, sem tatuagem recente 30 dias, Sem cabelo úmido. Caso tenha marca-passo ou algum dispositivo metálico, necessário ser informado anteriormente.;RM COTOVELO ESQUERDO ESPECIALISTA
RMCOXDES;RM Coxa Direita Especialista;Ressonância;41101286;;;135,31;Trazer exames anteriores, se tiver. Chegar com 30 minutos de antecedência. Sem adorno, sem tatuagem recente 30 dias, Sem cabelo úmido. Caso tenha marca-passo ou algum dispositivo metálico, necessário ser informado anteriormente.;RM COXA DIREITA ESPECIALISTA
RMCOESES;RM Coxa Esquerda Especialista;Ressonância;41101286;;;135,31;Trazer exames anteriores, se tiver. Chegar com 30 minutos de antecedência. Sem adorno, sem tatuagem recente 30 dias, Sem cabelo úmido. Caso tenha marca-passo ou algum dispositivo metálico, necessário ser informado anteriormente.;RM COXA ESQUERDA ESPECIALISTA
RMCRESP;RM Crânio Especialista;Ressonância;41101014;;;135,31;Jejum 4 horas razer exames anteriores, se tiver. Chegar com 30 minutos de antecedência. Sem adorno, sem tatuagem recente 30 dias, Sem cabelo úmido. Caso tenha marca-passo ou algum dispositivo metálico, necessário ser informado anteriormente.;RM CRANIO ESPECIALISTA
RMJODIES;RM Joelho Direito Especialista;Ressonância;41101316;;;135,31;Razer exames anteriores, se tiver. Chegar com 30 minutos de antecedência. Sem adorno, sem tatuagem recente 30 dias, Sem cabelo úmido. Caso tenha marca-passo ou algum dispositivo metálico, necessário ser informado anteriormente.;RM JOELHO DIREITO ESPECIALISTA
RMJOESES;RM Joelho Esquerdo Especialista;Ressonância;41101316;;;135,31;Razer exames anteriores, se tiver. Chegar com 30 minutos de antecedência. Sem adorno, sem tatuagem recente 30 dias, Sem cabelo úmido. Caso tenha marca-passo ou algum dispositivo metálico, necessário ser informado anteriormente.;RM JOELHO ESQUERDO ESPECIALISTA
RMMAESP;RM Mama Bilateral Especialista;Ressonância;41101480;;;307,68;Jejum 4 horas Trazer exames anteriores, se tiver. Chegar com 30 minutos de antecedência. Sem adorno, sem tatuagem recente 30 dias, Sem cabelo úmido. Caso tenha marca-passo ou algum dispositivo metálico, necessário ser informado anteriormente.;RM MAMA BILATERAL ESPECIALISTA
RMOMDIES;RM Ombro Direito Especialista;Ressonância;41101316;;;135,31;Trazer exames anteriores, se tiver. Chegar com 30 minutos de antecedência. Sem adorno, sem tatuagem recente 30 dias, Sem cabelo úmido. Caso tenha marca-passo ou algum dispositivo metálico, necessário ser informado anteriormente.;RM OMBRO DIREITO ESPECIALISTA
RMOMEES;RM Ombro Esquerdo Especialista;Ressonância;41101316;;;135,31;Trazer exames anteriores, se tiver. Chegar com 30 minutos de antecedência. Sem adorno, sem tatuagem recente 30 dias, Sem cabelo úmido. Caso tenha marca-passo ou algum dispositivo metálico, necessário ser informado anteriormente.;RM OMBRO ESQUERDO ESPECIALISTA
RMOBESP;RM Orbita Especialista;Ressonância;41101073;;;135,31;Jejum 4 horas Trazer exames anteriores, se tiver. Chegar com 30 minutos de antecedência. Sem adorno, sem tatuagem recente 30 dias, Sem cabelo úmido. Caso tenha marca-passo ou algum dispositivo metálico, necessário ser informado anteriormente.;RM ORBITA ESPECIALISTA
RMPEDESP;RM Pé Direito Especialista;Ressonância;41101308;;;135,31;Trazer exames anteriores, se tiver. Chegar com 30 minutos de antecedência. Sem adorno, sem tatuagem recente 30 dias, Sem cabelo úmido. Caso tenha marca-passo ou algum dispositivo metálico, necessário ser informado anteriormente.;RM PE DIREITO ESPECIALISTA
RMPEESES;RM Pé Esquerdo Especialista;Ressonância;41101308;;;135,31;Trazer exames anteriores, se tiver. Chegar com 30 minutos de antecedência. Sem adorno, sem tatuagem recente 30 dias, Sem cabelo úmido. Caso tenha marca-passo ou algum dispositivo metálico, necessário ser informado anteriormente.;RM PE ESQUERDO ESPECIALISTA
RMPELVES;RM Pelve Especialista;Ressonância;41101189;;;135,31;Jejum de 8 horas. Trazer exames anteriores, se tiver. Chegar com 30 minutos de antecedência. Sem adorno, sem tatuagem recente 30 dias, Sem cabelo úmido. Caso tenha marca-passo ou algum dispositivo metálico, necessário ser informado anteriormente. PELVE MASCULINO jejum DE 8 HORAS TOMAR UM COMPRIMIDO DE DULCOLAX AS 8H E AS 14H do dia anterior ao exame PELVE FEMiNINA PREPAROS PARA O EXAME DE MAPEAMENTO DE ENDOMETRIOSE: - Este exame deve ser realizado preferencialmente fora do período menstrual, exceto em casos de urgência ou em casos específicos solicitados pelo médico. - Tomar 01 comprimido de Ducolax (Bisacodil 5 mg) às 8 horas e outro às 14 horas. no dia anterior do exame. - Durante todo o dia, mantenha uma dieta leve (exemplo: suco de frutas somente coado, água, chá, café, água de coco, pão francês, bolacha de água e sal, sopa magra coada (sem sólidos) de caldo de carne ou frango, macarrão com molho vermelho ou alho e óleo (sem carne ou queijo ralado), purê de batata, arroz branco). - Não consumir: leite e derivados, verduras cruas, bagaço de frutas, salada de folhas, frituras, feijão, grão-debico, milho, lentilha, ervilha, sementes e similares. - Uma hora antes do exame, aplicar (via retal) 01 bisnaga de Phosfoenema.;RM PELVE ESPECIALISTA
RMPRDIES;RM Perna Direita Especialista;Ressonância;41101294;;;135,31;Trazer exames anteriores, se tiver. Chegar com 30 minutos de antecedência. Sem adorno, sem tatuagem recente 30 dias, Sem cabelo úmido. Caso tenha marca-passo ou algum dispositivo metálico, necessário ser informado anteriormente.;RM PERNA DIREITA ESPECIALISTA
RMPERSES;RM Perna Esquerda Especialista;Ressonância;41101294;;;135,31;Trazer exames anteriores, se tiver. Chegar com 30 minutos de antecedência. Sem adorno, sem tatuagem recente 30 dias, Sem cabelo úmido. Caso tenha marca-passo ou algum dispositivo metálico, necessário ser informado anteriormente.;RM PERNA ESQUERDA ESPECIALISTA
RMQUDIES;RM Quadril Direito Especialista;Ressonância;41101316;;;135,31;Trazer exames anteriores, se tiver. Chegar com 30 minutos de antecedência. Sem adorno, sem tatuagem recente 30 dias, Sem cabelo úmido. Caso tenha marca-passo ou algum dispositivo metálico, necessário ser informado anteriormente.;RM QUADRIL DIREITO ESPECIALISTA
RMQUAESE;RM Quadril Esquerdo Especialista;Ressonância;41101316;;;135,31;Trazer exames anteriores, se tiver. Chegar com 30 minutos de antecedência. Sem adorno, sem tatuagem recente 30 dias, Sem cabelo úmido. Caso tenha marca-passo ou algum dispositivo metálico, necessário ser informado anteriormente.;RM QUADRIL ESQUERDO ESPECIALISTA
RMSACOXE;RM Sacrococcigea Especialista;Ressonância;41101227;;;135,31;Jejum 4 horas Trazer exames anteriores, se tiver. Chegar com 30 minutos de antecedência. Sem adorno, sem tatuagem recente 30 dias, Sem cabelo úmido. Caso tenha marca-passo ou algum dispositivo metálico, necessário ser informado anteriormente.;RM SACROCOCCIGEA ESPECIALISTA
RMSACROE;RM Sacroilíacas Especialista;Ressonância;41101278;;;135,31;Jejum 4 horas Trazer exames anteriores, se tiver. Chegar com 30 minutos de antecedência. Sem adorno, sem tatuagem recente 30 dias, Sem cabelo úmido. Caso tenha marca-passo ou algum dispositivo metálico, necessário ser informado anteriormente.;RM SACROILIACAS ESPECIALISTA
RMTODES;RM Tornozelo Direito Especialista · Gerado Automaticamente;Ressonância;41101316;;;135,31;Jejum 4 horas Trazer exames anteriores, se tiver. Chegar com 30 minutos de antecedência. Sem adorno, sem tatuagem recente 30 dias, Sem cabelo úmido. Caso tenha marca-passo ou algum dispositivo metálico, necessário ser informado anteriormente. Página 39.;RM TORNOZELO DIREITO ESPECIALISTA · Gerado automaticamente
RMTORESP;RM Tornozelo Esquerdo Especialista;Ressonância;41101316;;;135,31;Jejum 4 horas Trazer exames anteriores, se tiver. Chegar com 30 minutos de antecedência. Sem adorno, sem tatuagem recente 30 dias, Sem cabelo úmido. Caso tenha marca-passo ou algum dispositivo metálico, necessário ser informado anteriormente.;RM TORNOZELO ESQUERDO ESPECIALISTA
RXCORACA;RX Coração;Raio-X;40805050;;;21,99;;RX CORACAO
RXESOFAG;RX Esôfago;Raio-X;40806030;;;45,67;;RX ESOFAGO
RXESDUOD;RX Estômago e Duodendo;Raio-X;40806049;;;67,66;Jejum de 6 horas, não mastigar chiclete nem fumar antes do exame. Para crianças: trazer 1 mamadeira vazia e outra mamadeira com leite ou suco. Trazer exames anteriores e chegar com 30 minutos de antecedência.;RX ESTOMAGO E DUODENDO
RXINADCR;RX Incidencia Adicional de Crânio Ou Face;Raio-X;40801209;;;6,16;;RX INCIDENCIA ADICIONAL DE CRANIO OU FACE
RXMASTOI;RX Mastoide;Raio-X;40801047;;;45,67;;RX MASTOIDE
TCCOLCTR;TC Coluna Cervical Trauma;Tomografia;41001125;;;135,31;SEM ADORNOS.;TC COLUNA CERVICAL TRAUMA
TCCOLDLC;TC Coluna Dorsal - Ate 3 Segmentos;Tomografia;41001125;;;135,31;SEM ADORNOS.;TC COLUNA DORSAL - ATE 3 SEGMENTOS
TCCODOTR;TC Coluna Dorsal Trauma;Tomografia;41001125;;;135,31;SEM ADORNOS.;TC COLUNA DORSAL TRAUMA
TCCOLOTR;TC Coluna Lombar Trauma;Tomografia;41001125;;;135,31;SEM ADORNOS.;TC COLUNA LOMBAR TRAUMA
TCESCCAL;TC Escore de Cálcio;Tomografia;41001087;;;124,92;;TC ESCORE DE CALCIO
